"0","1996-06-18 02:34:14","12944.01"
"0","1996-06-19 02:34:14","10398.01"
"0","2001-04-11 17:27:26","8828.49"
"1","1978-03-02 07:41:35","29026.94"
"1","1978-03-03 07:41:35","14576.37"
"1","1988-01-15 19:55:27","12953.9"
"1","1997-06-28 21:04:56","9214.11"
"1","2009-03-06 23:12:48","7366.44"
"2","1991-03-13 07:06:17","31677.99"
"2","1991-03-14 07:06:17","24814.97"
"2","1996-09-18 13:41:38","17449.06"
"2","2002-08-17 19:28:22","13394.75"
"2","2011-03-14 04:50:57","7926.11"
"3","1979-01-15 08:09:38","48836.35"
"3","1979-01-16 08:09:38","41276.83"
"3","1986-02-22 10:13:02","33582.61"
"3","1995-11-29 00:52:15","27144.67"
"3","2004-06-11 17:34:41","13558.92"
"3","2016-11-19 09:36:11","4974.32"
"4","1979-02-15 07:32:10","38382.05"
"4","1979-02-16 07:32:10","30083.4"
"4","1979-09-05 00:39:34","17729.33"
"4","2000-12-29 16:52:43","8902.5"
"4","2017-08-25 08:44:23","6411.3"
"5","1977-09-18 12:09:38","9336.77"
"5","1977-09-19 12:09:38","6671.63"
"6","1971-10-20 16:27:06","53442.63"
"6","1971-10-21 16:27:06","43377.96"
"6","1972-04-01 08:31:20","42543.57"
"6","1977-07-27 21:23:58","41296.35"
"6","1980-09-09 15:02:27","18155.59"
"6","1987-10-14 16:33:14","8384.79"
"6","2006-03-24 05:23:38","8187.67"
"7","1982-03-01 16:28:26","22506.14"
"7","1982-03-02 16:28:26","21939.98"
"7","1986-03-12 14:38:28","20827.18"
"7","2010-04-13 03:02:01","18787.93"
"7","2023-10-10 14:59:51","4258.7"
"8","2022-03-10 13:14:39","8263.35"
"8","2022-03-11 13:14:39","8231.11"
"9","1993-12-31 06:12:41","3331.24"
"9","1994-01-01 06:12:41","2956.83"
"9","2015-11-04 09:40:11","152.82"
"10","1973-06-12 21:17:19","7861.03"
"10","1973-06-13 21:17:19","4596.01"
"11","1974-01-13 19:30:59","54208.77"
"11","1974-01-14 19:30:59","48724.35"
"11","1979-09-28 15:48:07","44708.1"
"11","1980-02-02 01:08:05","36798.22"
"11","1982-06-23 20:36:39","14230.9"
"11","1987-08-10 03:57:22","4044.5"
"11","2015-05-13 09:07:48","3058.45"
"12","1987-09-24 13:32:44","13935.65"
"12","1987-09-25 13:32:44","8716.09"
"12","1990-01-03 16:22:34","8146.59"
"12","1995-07-29 19:57:09","4857.01"
"12","2019-10-28 20:08:02","1599.99"
"13","1981-11-09 06:51:00","54906.23"
"13","1981-11-10 06:51:00","43890.75"
"13","1983-10-11 04:42:34","38138.12"
"13","1996-04-07 00:43:45","36979.1"
"13","1996-09-13 15:11:42","29923.36"
"13","2004-04-22 03:50:29","26944.81"
"13","2004-12-31 16:16:02","10889.72"
"13","2016-09-23 11:22:41","8688.35"
"14","1974-05-16 00:38:04","22929.8"
"14","1974-05-17 00:38:04","19463.32"
"14","1991-04-15 05:46:53","17469.8"
"14","2020-06-07 12:19:43","1328.5"
"15","1989-07-07 05:47:17","26610.48"
"15","1989-07-08 05:47:17","16489.8"
"15","1991-05-12 16:41:09","14521.59"
"15","2018-05-05 03:09:08","3580.46"
"16","1988-02-28 04:35:25","13894.34"
"16","1988-02-29 04:35:25","739.94"
"17","1974-04-02 04:03:03","8460.44"
"17","1974-04-03 04:03:03","6051.0"
"17","1986-05-07 18:25:44","4633.85"
"17","2016-10-23 04:19:50","4071.2"
"18","1970-05-02 12:59:26","32227.32"
"18","1970-05-03 12:59:26","21507.26"
"18","1970-06-03 14:56:15","17628.96"
"18","1972-07-22 13:06:13","17560.16"
"18","1976-11-05 01:21:51","4697.28"
"19","1970-08-24 20:16:16","47630.89"
"19","1970-08-25 20:16:16","40672.96"
"19","1976-07-22 17:00:50","21586.8"
"19","2005-05-22 10:48:32","9189.4"
"20","1989-08-08 04:33:38","25294.66"
"20","1989-08-09 04:33:38","23985.31"
"20","2022-08-04 17:32:17","6198.5"
"21","1999-01-27 11:22:02","67882.7"
"21","1999-01-28 11:22:02","56959.02"
"21","2000-05-06 00:05:02","46103.28"
"21","2004-08-30 10:22:09","45501.6"
"21","2005-05-20 13:53:53","40572.4"
"21","2006-03-27 13:24:31","39998.56"
"21","2009-12-14 16:13:29","35668.22"
"21","2010-09-14 05:24:37","21565.18"
"21","2015-11-20 08:28:49","7542.35"
"22","1980-12-17 07:26:11","37415.0"
"22","1980-12-18 07:26:11","22072.48"
"22","1986-02-10 03:05:01","19005.16"
"22","1992-05-06 00:29:01","18264.09"
"22","2004-06-30 23:04:51","11919.95"
"22","2018-11-09 04:09:19","98.39"
"23","1972-04-28 19:35:36","76509.74"
"23","1972-04-29 19:35:36","67340.94"
"23","1975-03-17 00:57:28","50093.94"
"23","1992-06-22 17:46:43","45165.72"
"23","2004-09-07 12:23:45","26774.02"
"23","2013-07-19 07:37:41","9355.07"
"24","1987-06-14 17:58:36","17891.76"
"24","1987-06-15 17:58:36","17319.75"
"24","2008-10-01 02:55:28","8380.44"
"24","2020-06-17 02:58:29","5637.14"
"25","1995-11-14 09:46:33","13517.42"
"25","1995-11-15 09:46:33","1012.39"
"26","2009-02-26 22:57:52","17025.07"
"26","2009-02-27 22:57:52","13895.31"
"26","2017-02-25 22:30:11","7838.71"
"27","1980-09-23 09:37:50","50071.47"
"27","1980-09-24 09:37:50","38180.19"
"27","1981-11-06 19:05:04","35858.19"
"27","1981-12-30 17:03:36","24963.92"
"27","1986-02-14 04:01:03","10052.53"
"27","1999-01-20 10:26:35","3190.57"
"28","2005-12-20 21:32:30","2025.95"
"29","1985-02-03 10:47:08","32867.24"
"29","1985-02-04 10:47:08","20053.16"
"29","1987-11-24 15:47:58","8466.53"
"29","2021-09-02 07:32:59","3391.9"
"30","2000-07-28 08:47:03","8768.87"
"30","2000-07-29 08:47:03","1553.59"
"31","1985-09-17 05:43:28","52301.11"
"31","1985-09-18 05:43:28","38884.57"
"31","1989-09-22 20:32:46","29984.77"
"31","2011-08-01 20:53:51","26761.62"
"31","2015-08-20 14:45:41","19384.62"
"31","2017-06-04 15:06:12","6672.64"
"32","1974-10-25 02:26:34","25370.14"
"32","1974-10-26 02:26:34","22824.95"
"32","1982-03-15 06:52:05","18533.39"
"32","2023-06-05 02:45:24","5650.67"
"33","1974-08-27 23:07:54","25966.24"
"33","1974-08-28 23:07:54","17357.76"
"33","1981-05-30 05:15:43","13710.55"
"33","2010-11-18 22:50:24","8124.5"
"33","2019-12-23 00:36:52","7358.19"
"34","1978-12-31 18:49:26","28891.98"
"34","1979-01-01 18:49:26","21141.65"
"34","1991-12-19 04:19:06","8999.77"
"35","1981-04-16 23:16:47","16525.1"
"35","1981-04-17 23:16:47","9274.09"
"35","2012-05-03 08:11:19","3261.69"
"36","1984-11-11 01:43:19","46594.98"
"36","1984-11-12 01:43:19","43638.18"
"36","2005-08-12 22:47:53","28453.29"
"36","2010-03-01 14:28:11","20599.42"
"36","2020-12-17 21:26:06","8590.46"
"37","1986-06-08 23:35:28","15280.31"
"37","1986-06-09 23:35:28","12366.11"
"37","2010-06-18 01:41:22","70.56"
"38","1978-03-28 10:40:00","21666.1"
"38","1978-03-29 10:40:00","16164.28"
"38","2002-01-16 18:28:15","9663.3"
"38","2016-04-28 09:06:05","8897.34"
"39","1983-12-18 07:00:42","51302.12"
"39","1983-12-19 07:00:42","37506.9"
"39","1999-09-09 13:26:55","29024.62"
"39","2001-10-21 15:17:50","23786.8"
"39","2008-09-11 17:57:28","12865.88"
"39","2011-07-04 18:16:03","7607.52"
"40","1970-12-23 02:45:55","23721.33"
"40","1970-12-24 02:45:55","16507.83"
"40","1982-04-15 20:26:46","10324.94"
"40","1993-01-25 22:00:54","6785.93"
"40","1993-10-11 21:57:20","3308.7"
"41","1971-05-25 23:14:51","28420.67"
"41","1971-05-26 23:14:51","18417.18"
"41","2004-10-30 18:50:38","18353.18"
"41","2011-12-16 06:48:19","1589.01"
"42","1984-10-07 21:31:23","12564.02"
"42","1984-10-08 21:31:23","10122.69"
"42","1996-07-08 05:56:28","3367.62"
"43","1997-08-02 00:34:34","8959.74"
"43","1997-08-03 00:34:34","1559.39"
"44","1984-04-20 17:45:31","118.08"
"45","1970-03-06 16:56:25","36791.5"
"45","1970-03-07 16:56:25","36482.83"
"45","1975-08-09 19:43:16","31312.18"
"45","1983-07-17 01:35:16","26080.24"
"45","2008-11-04 15:22:10","17429.4"
"45","2015-04-21 10:42:31","7609.04"
"46","1980-06-21 05:46:03","23530.03"
"46","1980-06-22 05:46:03","16240.8"
"46","1997-02-13 08:42:56","7002.69"
"46","2002-08-12 22:46:26","4647.75"
"46","2004-07-02 19:25:03","2253.4"
"47","2004-06-04 17:48:01","3959.69"
"48","1997-06-23 03:48:09","8959.92"
"48","1997-06-24 03:48:09","6917.92"
"49","1992-12-08 08:30:05","5840.15"
"50","1984-04-24 01:34:38","18763.07"
"50","1984-04-25 01:34:38","15215.76"
"50","2001-07-09 17:04:30","11352.1"
"50","2002-10-23 18:02:53","8051.62"
"51","1972-09-05 06:43:15","23650.08"
"51","1972-09-06 06:43:15","22878.42"
"51","1976-02-03 05:08:37","11727.21"
"51","1979-01-11 07:28:08","7886.2"
"51","1997-12-02 16:15:25","5642.75"
"52","1982-08-11 19:36:06","54174.26"
"52","1982-08-12 19:36:06","53771.4"
"52","1987-09-18 18:41:58","45127.63"
"52","1991-12-02 13:06:40","32723.64"
"52","1993-02-21 07:38:32","18948.84"
"52","2012-01-30 13:34:38","8287.46"
"52","2012-09-20 22:23:00","7394.17"
"53","1976-05-26 11:22:35","32093.87"
"53","1976-05-27 11:22:35","21250.29"
"53","1993-03-17 04:58:59","16969.05"
"53","1999-02-18 16:07:27","16948.71"
"53","2000-07-07 23:05:47","5876.73"
"54","1973-05-17 20:19:39","22323.21"
"54","1973-05-18 20:19:39","19191.34"
"54","2003-08-13 20:42:56","9546.68"
"55","2008-01-09 19:35:59","7410.7"
"55","2008-01-10 19:35:59","4002.06"
"56","1974-05-08 02:02:51","23235.9"
"56","1974-05-09 02:02:51","20303.47"
"56","1994-08-09 15:01:40","10614.61"
"56","2011-02-21 23:31:58","7960.91"
"57","1981-05-24 18:57:39","17372.86"
"57","1981-05-25 18:57:39","17188.64"
"57","1988-08-07 00:35:09","12510.0"
"57","2019-05-23 17:34:56","5816.52"
"58","1995-09-15 16:22:39","6801.91"
"58","1995-09-16 16:22:39","3222.32"
"59","2009-11-06 21:04:58","13618.05"
"59","2009-11-07 21:04:58","9541.9"
"60","1978-04-05 13:12:22","50051.17"
"60","1978-04-06 13:12:22","37114.42"
"60","1980-03-11 07:05:26","27617.54"
"60","1982-07-17 00:00:30","22422.89"
"60","1995-05-16 11:03:59","20116.7"
"60","2001-04-15 17:14:43","8239.72"
"60","2010-07-27 03:50:02","2768.28"
"60","2017-09-28 03:30:28","2183.76"
"61","1977-08-09 04:30:13","40510.67"
"61","1977-08-10 04:30:13","39757.07"
"61","1984-06-09 16:07:15","27522.99"
"61","1987-08-17 01:26:28","21740.55"
"61","2000-04-16 18:29:32","10637.15"
"61","2011-03-09 11:04:34","10390.43"
"61","2019-12-13 16:10:13","2501.16"
"62","1973-11-16 09:16:10","42550.89"
"62","1973-11-17 09:16:10","34542.19"
"62","1980-03-18 10:13:22","33051.07"
"62","1993-07-13 21:13:15","17911.29"
"62","2018-03-21 22:46:20","14208.05"
"62","2019-01-24 10:46:37","8445.93"
"63","1981-07-23 15:10:33","26270.84"
"63","1981-07-24 15:10:33","17665.58"
"63","1988-02-24 13:42:46","7413.94"
"64","1972-11-04 19:53:03","39950.9"
"64","1972-11-05 19:53:03","30991.84"
"64","1999-05-04 08:34:10","28768.24"
"64","2020-01-04 08:36:41","8931.3"
"65","2023-07-25 05:59:14","13747.12"
"65","2023-07-26 05:59:14","3996.21"
"66","1982-10-26 18:11:21","9611.7"
"66","1982-10-27 18:11:21","496.72"
"67","1971-05-24 04:59:25","29531.85"
"67","1971-05-25 04:59:25","20956.39"
"67","1980-02-14 23:18:20","19817.59"
"67","1995-01-25 02:59:55","4612.38"
"67","2006-07-12 03:46:18","2973.39"
"67","2020-06-24 14:51:03","1059.0"
"68","1977-03-21 21:29:32","41216.58"
"68","1977-03-22 21:29:32","38784.98"
"68","1978-05-25 18:21:35","23245.67"
"68","1985-10-22 07:04:16","22396.03"
"68","1996-03-07 04:24:29","7952.67"
"69","1981-05-05 07:56:13","21092.11"
"69","1981-05-06 07:56:13","11913.46"
"69","1985-06-01 15:32:02","6072.89"
"69","2001-01-06 11:33:49","5855.59"
"69","2015-09-25 12:04:07","2301.95"
"70","1977-08-23 01:06:32","19790.98"
"70","1977-08-24 01:06:32","10321.9"
"70","2001-08-24 00:18:57","4917.68"
"70","2004-07-15 23:04:47","4663.79"
"70","2006-09-14 17:59:12","524.04"
"71","1975-07-29 12:40:31","22208.87"
"71","1975-07-30 12:40:31","13737.24"
"71","1977-07-19 04:18:18","9644.82"
"71","2007-07-08 20:03:48","4388.5"
"72","1970-05-12 09:53:23","41901.72"
"72","1970-05-13 09:53:23","32965.56"
"72","1988-05-20 05:25:07","17996.22"
"72","2000-01-16 19:03:58","15659.03"
"72","2010-05-05 00:34:59","4681.52"
"72","2020-05-09 23:50:13","2016.96"
"73","1985-03-21 22:36:38","19570.82"
"73","1985-03-22 22:36:38","16330.11"
"73","2017-03-20 17:21:36","7904.82"
"74","1976-08-15 23:46:43","31714.19"
"74","1976-08-16 23:46:43","19567.37"
"74","2001-05-06 01:22:42","18872.0"
"74","2003-03-23 20:28:39","10712.2"
"74","2007-01-14 07:28:20","3741.61"
"75","1976-08-23 23:09:34","21687.28"
"75","1976-08-24 23:09:34","5886.93"
"75","2000-06-23 14:38:44","4861.29"
"76","1984-08-25 06:33:09","23661.23"
"76","1984-08-26 06:33:09","18723.43"
"76","1989-08-28 17:40:01","8733.74"
"77","1971-08-29 08:22:52","16178.65"
"77","1971-08-30 08:22:52","14617.83"
"77","2016-04-19 08:50:10","9635.43"
"78","1988-07-11 21:10:49","29011.87"
"78","1988-07-12 21:10:49","25191.69"
"78","1988-09-24 02:47:00","6858.19"
"79","2011-03-14 21:51:34","12396.88"
"79","2011-03-15 21:51:34","8464.77"
"79","2022-06-17 05:41:26","7870.17"
"80","1973-08-26 07:58:19","33825.78"
"80","1973-08-27 07:58:19","29986.94"
"80","1998-11-03 11:47:35","19431.62"
"80","2015-08-28 09:53:41","11151.87"
"80","2016-07-08 08:54:18","388.77"
"81","1988-04-26 13:42:54","3359.21"
"81","1988-04-27 13:42:54","3346.73"
"81","2010-05-15 01:32:15","933.42"
"82","1985-01-11 10:53:59","28898.4"
"82","1985-01-12 10:53:59","23877.84"
"82","2005-02-15 13:02:13","11842.36"
"82","2016-09-06 00:02:21","9043.12"
"83","2007-01-11 00:45:56","32289.76"
"83","2007-01-12 00:45:56","20111.8"
"83","2015-12-15 01:09:02","7044.83"
"84","2012-05-04 15:34:55","15478.25"
"84","2012-05-05 15:34:55","13370.9"
"84","2023-01-11 02:14:36","5791.29"
"85","1983-04-28 23:51:47","44484.18"
"85","1983-04-29 23:51:47","37475.32"
"85","1987-12-03 13:25:19","21849.34"
"85","2013-05-20 18:48:49","19772.86"
"85","2023-05-03 10:59:03","4174.93"
"86","1971-01-05 20:39:06","24538.76"
"86","1971-01-06 20:39:06","19817.18"
"86","1993-10-26 15:12:33","11418.21"
"86","2005-10-20 17:53:51","6304.37"
"87","1978-06-02 08:20:06","47038.04"
"87","1978-06-03 08:20:06","34064.4"
"87","1991-12-20 13:45:31","26161.73"
"87","2009-09-15 02:10:23","11425.21"
"87","2021-06-30 09:55:23","6789.65"
"88","1977-01-27 07:29:32","53580.59"
"88","1977-01-28 07:29:32","40549.94"
"88","1994-11-16 05:59:15","29323.54"
"88","2000-09-20 07:13:08","19714.33"
"88","2003-06-18 01:06:14","15809.93"
"88","2009-06-09 00:20:46","8809.32"
"89","1997-03-02 13:33:07","18662.68"
"89","1997-03-03 13:33:07","14738.6"
"89","2010-06-20 10:47:29","5474.14"
"89","2014-11-19 13:36:09","4431.14"
"90","1970-03-22 08:00:30","1127.42"
"91","1998-09-28 04:10:23","33975.52"
"91","1998-09-29 04:10:23","25252.25"
"91","2000-06-01 14:03:46","13725.48"
"91","2009-02-05 13:25:53","7708.5"
"92","1972-01-15 12:34:50","41989.35"
"92","1972-01-16 12:34:50","37370.22"
"92","1973-09-24 13:51:35","25965.06"
"92","1989-06-15 12:10:49","17140.54"
"92","2001-04-25 07:20:34","12309.98"
"92","2019-01-16 06:31:07","12203.57"
"92","2023-11-05 20:14:47","1563.61"
"93","2004-04-29 17:34:48","15048.37"
"93","2004-04-30 17:34:48","6406.87"
"94","1973-02-14 13:44:01","31334.06"
"94","1973-02-15 13:44:01","28805.65"
"94","1977-01-28 21:13:29","15591.9"
"94","1977-12-11 23:40:10","9383.25"
"94","2010-11-15 03:40:42","9344.49"
"94","2019-03-06 22:12:59","7080.81"
"95","1972-09-10 10:49:58","54884.26"
"95","1972-09-11 10:49:58","51119.14"
"95","1979-05-09 14:01:47","44454.56"
"95","2000-07-16 23:28:24","40424.15"
"95","2002-05-13 16:35:30","32483.95"
"95","2006-09-12 05:01:34","16992.14"
"95","2008-06-18 12:14:42","7356.45"
"96","1976-07-24 09:27:08","34029.53"
"96","1976-07-25 09:27:08","27255.28"
"96","1980-05-20 12:07:56","6952.29"
"97","1970-11-12 13:55:55","48913.21"
"97","1970-11-13 13:55:55","38046.6"
"97","1979-03-20 07:13:20","29803.42"
"97","1983-04-16 16:12:00","13476.15"
"97","1994-12-06 20:11:34","13422.3"
"97","2023-09-22 08:32:25","4118.46"
"98","1983-06-05 13:36:34","16324.08"
"98","1983-06-06 13:36:34","13211.62"
"98","2023-05-27 14:16:46","3918.94"
"99","1980-11-06 02:36:12","25863.03"
"99","1980-11-07 02:36:12","3688.69"
"100","1987-03-06 02:49:51","25370.95"
"100","1987-03-07 02:49:51","17613.19"
"100","1996-02-11 02:04:00","7876.18"
"100","2023-10-07 17:55:46","4942.04"
"101","2007-06-09 23:48:10","6133.53"
"102","2002-11-11 22:18:34","16813.27"
"102","2002-11-12 22:18:34","8249.35"
"102","2006-07-13 17:56:19","7252.11"
"103","1976-08-21 15:28:56","53208.49"
"103","1976-08-22 15:28:56","37131.58"
"103","1977-12-29 16:46:30","15957.56"
"103","1992-05-19 14:05:08","8765.4"
"104","2010-02-09 18:51:03","22653.45"
"104","2010-02-10 18:51:03","12260.72"
"104","2020-03-02 18:22:33","9596.16"
"105","2011-09-16 11:26:15","12219.05"
"105","2011-09-17 11:26:15","4671.88"
"105","2012-07-13 00:27:06","3680.54"
"106","1985-09-10 19:18:30","1241.19"
"106","1985-09-11 19:18:30","1010.94"
"107","2005-06-09 01:44:41","38475.62"
"107","2005-06-10 01:44:41","31560.35"
"107","2018-09-04 21:59:22","7972.59"
"108","1972-09-14 15:32:38","32628.91"
"108","1972-09-15 15:32:38","30477.13"
"108","1976-12-09 16:23:19","24223.47"
"108","1983-10-20 09:44:10","17994.13"
"108","1986-02-27 11:52:34","7334.63"
"108","1987-05-14 16:49:51","1882.26"
"109","1972-12-31 14:55:00","43344.06"
"109","1973-01-01 14:55:00","39817.6"
"109","1975-10-06 12:01:13","36279.69"
"109","1984-05-09 03:26:14","32197.93"
"109","1997-02-24 22:19:38","23721.41"
"109","2003-08-10 23:22:46","15986.18"
"109","2014-01-09 07:48:51","6146.66"
"109","2021-11-29 22:22:31","781.31"
"110","1990-11-24 22:36:20","5122.8"
"110","1990-11-25 22:36:20","3702.76"
"111","1972-07-30 07:23:13","10381.31"
"111","1972-07-31 07:23:13","9418.45"
"111","1980-04-25 22:01:45","6200.59"
"111","1981-07-25 03:00:47","428.71"
"112","1977-08-02 00:19:52","57063.43"
"112","1977-08-03 00:19:52","39788.58"
"112","1988-12-28 17:42:04","35429.9"
"112","1996-01-10 15:06:05","28869.0"
"112","2021-10-11 04:24:41","12645.45"
"112","2022-05-23 10:02:27","4410.61"
"113","2003-09-05 04:50:07","8009.83"
"113","2003-09-06 04:50:07","4909.35"
"114","2013-02-10 04:19:10","8011.75"
"115","2019-05-21 04:27:26","19128.16"
"115","2019-05-22 04:27:26","5249.84"
"115","2020-11-09 00:33:04","4290.98"
"116","1972-07-15 01:31:29","54717.13"
"116","1972-07-16 01:31:29","40619.11"
"116","1975-03-08 09:50:21","29937.95"
"116","1987-08-12 14:07:53","16020.62"
"116","2007-11-17 05:32:54","3971.03"
"117","1972-09-14 01:17:11","24268.39"
"117","1972-09-15 01:17:11","18634.2"
"117","2000-05-29 16:00:38","9747.06"
"118","1994-01-30 20:17:25","40928.88"
"118","1994-01-31 20:17:25","27332.61"
"118","1997-12-26 23:39:46","22675.41"
"118","2002-06-17 01:03:48","14937.5"
"118","2017-03-06 09:50:03","7344.36"
"119","2021-03-30 08:10:38","27551.39"
"119","2021-03-31 08:10:38","9541.82"
"120","1970-03-28 02:25:05","7078.09"
"120","1970-03-29 02:25:05","2382.77"
"120","2004-10-09 18:38:59","2139.17"
"121","1977-03-26 16:57:43","64904.84"
"121","1977-03-27 16:57:43","53933.31"
"121","1979-08-19 11:18:03","48456.59"
"121","1986-09-20 12:46:11","34427.31"
"121","1995-02-07 09:52:20","19673.14"
"121","2016-05-29 02:49:23","18821.34"
"121","2022-06-11 23:32:53","7059.36"
"122","1975-08-05 06:43:43","24442.77"
"122","1975-08-06 06:43:43","15752.37"
"122","1995-03-19 09:09:29","6057.15"
"123","1986-10-07 19:27:58","34637.82"
"123","1986-10-08 19:27:58","20532.39"
"123","1992-05-07 19:00:36","14057.41"
"123","2005-12-14 01:13:28","7637.44"
"124","1988-06-15 05:48:28","31150.09"
"124","1988-06-16 05:48:28","27493.99"
"124","2013-09-07 09:35:04","17055.72"
"124","2023-07-07 01:13:42","862.14"
"125","1989-05-30 03:53:07","16236.43"
"125","1989-05-31 03:53:07","9136.19"
"125","2017-02-13 23:25:34","3465.02"
"125","2023-03-02 14:45:49","181.07"
"126","1986-06-12 12:14:38","11473.77"
"126","1986-06-13 12:14:38","8547.58"
"126","1989-09-26 21:59:44","3849.5"
"126","2017-02-03 03:12:24","3209.5"
"127","1981-05-10 06:56:31","26886.08"
"127","1981-05-11 06:56:31","25905.89"
"127","1984-11-12 00:08:28","13947.23"
"127","1988-03-30 19:32:51","3166.54"
"128","1994-01-26 10:34:00","21077.19"
"128","1994-01-27 10:34:00","20238.55"
"128","1994-04-05 23:52:10","12979.15"
"128","1999-05-13 20:33:00","4087.5"
"129","1974-08-23 04:35:53","49194.57"
"129","1974-08-24 04:35:53","39795.86"
"129","1985-02-03 00:16:48","28391.39"
"129","1990-04-28 09:39:31","20603.62"
"129","2014-11-29 11:25:06","10530.8"
"129","2018-01-25 23:05:51","7636.53"
"130","1970-12-25 15:42:10","23840.24"
"130","1970-12-26 15:42:10","20142.29"
"130","2001-05-28 02:36:19","1631.28"
"131","2002-01-17 11:47:32","18014.0"
"131","2002-01-18 11:47:32","16420.24"
"131","2003-01-29 07:59:44","1939.33"
"132","1989-08-09 22:11:40","14722.96"
"132","1989-08-10 22:11:40","652.68"
"133","1979-06-29 15:05:10","54274.73"
"133","1979-06-30 15:05:10","28378.87"
"133","2004-07-04 07:54:08","22029.9"
"133","2007-12-20 02:05:36","21364.95"
"133","2021-02-28 09:45:25","6362.44"
"134","1970-03-25 00:09:18","18474.26"
"134","1970-03-26 00:09:18","17574.76"
"134","2011-07-12 03:26:53","5809.97"
"135","1982-07-12 02:30:05","52282.71"
"135","1982-07-13 02:30:05","38310.28"
"135","1987-02-19 08:05:00","35304.04"
"135","1992-02-17 00:06:20","26828.48"
"135","1994-06-24 18:48:30","22569.22"
"135","1999-10-18 03:29:38","8994.95"
"136","1972-07-09 18:58:35","32577.74"
"136","1972-07-10 18:58:35","27352.97"
"136","1976-07-19 12:01:41","22171.03"
"136","2004-11-14 12:57:22","19022.34"
"136","2021-08-04 22:32:50","3983.77"
"137","1985-02-27 10:21:39","27231.34"
"137","1985-02-28 10:21:39","19945.31"
"137","1988-10-28 06:43:15","17079.53"
"137","2002-02-08 02:15:31","9349.42"
"137","2022-04-14 16:43:00","644.01"
"138","1975-10-20 08:48:17","68209.72"
"138","1975-10-21 08:48:17","63190.81"
"138","1983-04-29 21:10:44","56714.77"
"138","1998-01-12 04:09:35","48249.22"
"138","2001-11-07 16:08:55","36031.49"
"138","2009-06-20 11:03:41","15362.78"
"138","2010-12-30 09:50:33","9136.62"
"139","2002-04-14 16:14:19","20443.43"
"139","2002-04-15 16:14:19","18220.25"
"139","2014-01-21 19:59:38","12200.05"
"139","2015-11-19 08:56:09","4565.85"
"140","1979-10-06 11:27:55","17415.4"
"140","1979-10-07 11:27:55","17303.77"
"140","1991-12-02 11:55:11","16888.52"
"140","1994-08-24 13:52:32","5016.82"
"141","1971-07-14 13:42:37","34672.45"
"141","1971-07-15 13:42:37","34613.33"
"141","1988-03-25 17:08:16","30715.74"
"141","2002-06-16 02:24:36","8031.57"
"142","1975-05-27 19:07:13","27741.41"
"142","1975-05-28 19:07:13","27726.71"
"142","1980-03-25 14:12:19","17215.33"
"142","2003-10-05 12:06:12","7460.65"
"143","1979-04-24 14:12:57","39714.87"
"143","1979-04-25 14:12:57","17878.33"
"143","2002-01-19 01:40:19","8689.79"
"143","2019-10-10 11:19:54","5039.21"
"143","2020-08-07 19:46:08","4733.81"
"144","1988-07-05 11:27:32","19792.06"
"144","1988-07-06 11:27:32","11110.53"
"144","2021-09-07 05:04:30","2531.26"
"145","1979-12-23 01:15:40","35328.67"
"145","1979-12-24 01:15:40","18377.58"
"145","1982-12-22 03:09:19","16709.88"
"145","1983-07-23 23:26:57","12716.18"
"145","2004-09-29 21:15:11","11986.94"
"145","2007-11-05 17:26:42","5317.91"
"145","2022-12-25 15:36:10","391.71"
"146","1972-01-27 18:40:31","35987.54"
"146","1972-01-28 18:40:31","27541.22"
"146","1976-08-17 15:47:28","20250.7"
"146","2006-06-13 03:10:44","8618.76"
"147","1973-01-15 00:51:03","45137.8"
"147","1973-01-16 00:51:03","32179.84"
"147","1986-12-13 04:40:38","28319.2"
"147","1988-10-05 08:16:42","25261.58"
"147","1995-10-22 05:57:33","16072.39"
"147","2015-08-23 03:24:41","14968.27"
"147","2022-02-02 17:40:38","6681.81"
"148","1970-10-19 13:18:36","28901.32"
"148","1970-10-20 13:18:36","28788.67"
"148","1984-11-04 20:47:07","21452.76"
"148","2012-12-25 08:20:50","8492.65"
"149","1990-06-11 08:22:15","22055.7"
"149","1990-06-12 08:22:15","19293.9"
"149","2004-01-05 13:50:07","16889.35"
"149","2010-09-30 12:24:18","7583.18"
"150","2013-10-30 22:21:21","11498.37"
"150","2013-10-31 22:21:21","6350.84"
"151","1974-08-22 09:51:23","65468.32"
"151","1974-08-23 09:51:23","61991.8"
"151","1975-01-05 18:27:38","46629.07"
"151","1984-11-29 14:09:36","36952.39"
"151","1986-10-02 09:11:28","20091.57"
"151","1997-12-08 11:50:09","18557.65"
"151","2023-04-19 06:31:35","8601.75"
"152","1981-01-05 06:09:41","22940.98"
"152","1981-01-06 06:09:41","7485.16"
"152","2012-07-16 06:58:47","3121.01"
"153","2022-02-19 20:28:37","15160.55"
"153","2022-02-20 20:28:37","91.17"
"154","1977-02-03 04:37:35","28837.44"
"154","1977-02-04 04:37:35","26135.58"
"154","1994-12-03 20:03:32","20908.96"
"154","1996-10-03 21:39:45","16408.09"
"154","2007-11-17 18:02:40","13471.63"
"154","2019-07-12 18:23:26","9299.34"
"155","1986-05-21 15:21:18","31773.24"
"155","1986-05-22 15:21:18","25977.68"
"155","2010-04-30 23:35:51","13480.79"
"155","2021-01-31 09:02:26","4499.65"
"156","2004-09-02 19:56:36","20415.55"
"156","2004-09-03 19:56:36","4171.36"
"157","1972-03-21 01:38:28","24537.1"
"157","1972-03-22 01:38:28","6720.76"
"158","1970-06-11 09:06:34","10612.77"
"158","1970-06-12 09:06:34","5484.15"
"158","1999-01-28 07:24:53","4566.59"
"159","1981-04-24 23:12:30","65270.39"
"159","1981-04-25 23:12:30","49992.79"
"159","1989-12-25 06:08:40","43641.06"
"159","2000-12-04 09:05:16","33081.37"
"159","2006-12-16 10:26:42","32482.33"
"159","2020-02-08 08:00:10","26728.0"
"159","2020-05-21 17:45:22","12026.83"
"159","2022-09-30 17:35:34","7112.64"
"160","1980-10-22 23:50:52","14466.66"
"160","1980-10-23 23:50:52","5544.45"
"160","1982-10-29 11:52:29","5008.84"
"160","1990-03-24 21:23:01","3040.3"
"160","1999-01-10 23:36:07","2208.82"
"161","2011-04-07 05:47:20","16661.2"
"161","2011-04-08 05:47:20","10459.8"
"161","2019-05-20 14:25:35","3854.32"
"162","1982-05-25 18:49:49","29374.99"
"162","1982-05-26 18:49:49","28107.94"
"162","1985-01-05 07:25:10","24079.64"
"162","1987-01-09 16:49:02","19884.66"
"162","1989-02-05 05:03:53","9116.93"
"162","2010-10-15 00:42:40","7479.65"
"163","1977-03-14 00:50:14","38241.84"
"163","1977-03-15 00:50:14","26376.31"
"163","1982-05-18 17:06:52","17258.61"
"163","2000-09-07 00:03:51","14709.98"
"163","2008-12-30 15:35:47","12999.34"
"163","2010-10-09 22:39:36","3752.17"
"163","2022-07-13 21:51:29","1090.46"
"164","1982-06-25 04:08:49","66341.72"
"164","1982-06-26 04:08:49","53733.24"
"164","1997-07-19 00:35:11","35643.03"
"164","2006-02-01 21:25:40","23974.99"
"164","2022-02-10 00:09:42","6930.52"
"165","2006-02-03 15:55:44","17463.92"
"165","2006-02-04 15:55:44","5896.74"
"166","1982-10-26 00:57:16","39309.83"
"166","1982-10-27 00:57:16","18819.64"
"166","2004-10-27 12:59:34","16682.84"
"166","2004-11-18 04:49:08","13735.28"
"166","2021-05-05 15:16:20","9495.62"
"167","2003-12-04 13:14:45","32311.37"
"167","2003-12-05 13:14:45","15736.43"
"167","2008-09-20 21:39:56","15253.63"
"167","2017-10-09 04:02:20","3335.36"
"168","1975-08-22 06:10:16","17796.17"
"168","1975-08-23 06:10:16","12747.62"
"168","2012-03-24 07:41:36","6757.4"
"169","1985-05-15 15:31:44","24213.22"
"169","1985-05-16 15:31:44","20668.27"
"169","2002-01-31 22:11:07","5047.24"
"169","2013-07-05 17:16:21","1117.9"
"170","1976-07-17 16:46:27","17765.95"
"170","1976-07-18 16:46:27","2902.99"
"171","1987-04-16 08:41:20","21244.05"
"171","1987-04-17 08:41:20","18683.05"
"171","1993-02-18 20:06:55","16037.21"
"171","2014-03-10 20:58:29","3056.26"
"172","1996-04-11 13:33:24","38119.95"
"172","1996-04-12 13:33:24","30512.65"
"172","2002-06-19 16:21:18","19209.84"
"172","2019-06-27 18:28:11","7935.07"
"172","2019-07-18 23:52:23","5560.07"
"173","2008-02-06 10:20:08","2185.09"
"174","1972-05-06 11:56:31","57923.22"
"174","1972-05-07 11:56:31","44996.33"
"174","1973-08-28 15:07:58","34733.53"
"174","1984-05-08 17:05:53","34156.04"
"174","1987-12-05 16:51:05","25200.0"
"174","2001-02-12 20:35:04","21005.22"
"174","2015-11-11 06:14:02","11821.78"
"174","2019-11-26 06:57:44","822.11"
"175","2003-08-05 16:45:13","12309.93"
"175","2003-08-06 16:45:13","6816.69"
"176","2018-12-24 07:06:42","9470.86"
"176","2018-12-25 07:06:42","2179.4"
"177","1974-12-25 13:40:04","27041.63"
"177","1974-12-26 13:40:04","23919.73"
"177","1981-09-11 00:03:30","17218.09"
"177","1983-03-26 17:36:09","12312.86"
"177","2014-08-25 15:55:43","10042.24"
"177","2017-04-30 18:26:11","7750.24"
"178","2015-09-03 13:33:07","1130.32"
"179","2008-08-08 05:18:49","19575.51"
"179","2008-08-09 05:18:49","7135.89"
"180","1972-09-09 11:49:08","37850.29"
"180","1972-09-10 11:49:08","33536.08"
"180","1977-01-30 14:26:16","25974.01"
"180","1979-03-19 03:54:20","14411.48"
"180","1979-09-24 23:43:52","5005.95"
"180","2010-12-04 20:33:41","1517.29"
"181","2017-10-26 06:58:21","12109.21"
"181","2017-10-27 06:58:21","446.89"
"182","1976-08-27 09:49:56","64873.77"
"182","1976-08-28 09:49:56","62465.75"
"182","1976-12-23 04:56:14","51284.74"
"182","1990-01-20 18:37:17","42608.13"
"182","2010-12-23 07:02:12","29140.08"
"182","2011-08-18 01:27:58","21917.78"
"182","2018-07-15 06:26:05","8690.31"
"182","2020-11-06 05:12:11","7937.82"
"183","1975-09-15 05:34:26","62806.58"
"183","1975-09-16 05:34:26","54471.57"
"183","1997-01-16 02:40:17","37200.02"
"183","2001-02-20 03:16:38","23460.74"
"183","2001-07-22 17:41:42","19606.44"
"183","2015-09-18 15:18:40","14172.23"
"183","2019-10-30 13:28:49","4343.02"
"184","2016-01-07 01:55:42","1845.08"
"184","2016-01-08 01:55:42","1525.85"
"185","1975-05-20 18:24:34","49717.43"
"185","1975-05-21 18:24:34","34477.05"
"185","1978-06-06 05:49:37","20178.17"
"185","2022-03-26 14:34:13","8977.72"
"186","1978-07-21 21:25:44","42252.75"
"186","1978-07-22 21:25:44","31682.84"
"186","1984-09-12 14:12:39","25255.1"
"186","2004-02-16 12:11:34","20241.34"
"186","2018-01-01 00:01:17","7883.68"
"187","1983-12-26 22:43:09","22369.48"
"187","1983-12-27 22:43:09","10810.6"
"187","1984-06-28 01:04:31","4615.31"
"188","1981-11-16 12:42:55","26747.55"
"188","1981-11-17 12:42:55","20432.57"
"188","1995-07-27 22:01:51","13299.04"
"188","2002-08-22 21:09:35","8121.15"
"189","2014-06-07 04:49:59","4639.7"
"190","1981-10-17 02:42:01","26704.34"
"190","1981-10-18 02:42:01","8284.45"
"190","2010-10-14 21:11:54","3568.92"
"190","2015-06-16 21:08:54","1036.17"
"191","1983-02-12 00:13:05","15461.86"
"191","1983-02-13 00:13:05","9074.79"
"191","1999-09-17 20:38:52","7290.35"
"191","2004-03-02 00:32:16","135.19"
"192","2007-07-19 13:39:55","20463.57"
"192","2007-07-20 13:39:55","15226.39"
"192","2012-11-19 16:10:53","2528.94"
"193","1978-08-12 00:37:38","33188.17"
"193","1978-08-13 00:37:38","28577.96"
"193","1993-05-27 13:35:30","14022.28"
"193","2021-06-15 17:42:54","13854.49"
"193","2023-01-06 09:26:49","9540.95"
"194","2000-03-21 17:19:40","41242.48"
"194","2000-03-22 17:19:40","22830.93"
"194","2002-03-13 03:30:02","14741.61"
"194","2006-05-01 18:45:12","4332.54"
"195","1970-05-01 21:09:31","50728.38"
"195","1970-05-02 21:09:31","41893.18"
"195","1973-12-06 06:24:33","37693.02"
"195","1975-04-20 19:37:04","22724.47"
"195","1979-10-10 16:45:51","14426.0"
"195","1980-10-14 15:29:55","4831.55"
"195","2003-03-08 11:58:16","156.65"
"196","1975-02-05 14:48:37","23214.91"
"196","1975-02-06 14:48:37","17666.41"
"196","2011-04-23 17:40:03","814.65"
"197","1995-06-13 09:59:26","9853.26"
"197","1995-06-14 09:59:26","264.96"
"198","1981-03-09 06:57:14","58535.85"
"198","1981-03-10 06:57:14","44149.0"
"198","1986-06-24 01:49:37","35376.19"
"198","1992-01-01 11:44:03","29379.77"
"198","1993-04-22 06:45:03","22247.25"
"198","1995-10-08 15:11:07","17969.58"
"198","2011-10-08 09:32:42","6760.56"
"199","1973-04-24 21:32:35","29149.23"
"199","1973-04-25 21:32:35","17995.01"
"199","2005-07-28 21:23:49","8897.36"
"200","1982-06-21 03:44:52","19677.7"
"200","1982-06-22 03:44:52","13405.74"
"200","1986-04-23 05:46:51","13065.54"
"200","1990-04-24 14:38:51","3306.09"
"200","2015-10-28 03:16:12","327.41"
"201","2011-05-25 12:18:11","23523.44"
"201","2011-05-26 12:18:11","19132.57"
"201","2018-07-31 22:02:57","6943.69"
"202","1986-09-17 13:07:20","22298.74"
"202","1986-09-18 13:07:20","18279.54"
"202","1994-03-10 02:18:29","11176.83"
"202","2014-04-27 23:26:31","7941.57"
"203","1976-09-13 13:55:50","29943.83"
"203","1976-09-14 13:55:50","5158.21"
"204","1971-01-01 04:21:35","32054.58"
"204","1971-01-02 04:21:35","23796.72"
"204","1971-01-05 07:43:15","22348.35"
"204","1984-05-06 21:09:17","17670.19"
"204","2005-10-04 19:21:26","17062.5"
"204","2009-09-14 15:56:05","7543.6"
"204","2013-07-26 04:07:16","5941.72"
"205","1990-01-26 06:21:57","24811.72"
"205","1990-01-27 06:21:57","10371.05"
"205","2011-06-10 19:15:40","3421.89"
"206","2009-01-28 02:54:39","27116.85"
"206","2009-01-29 02:54:39","24305.44"
"206","2018-01-17 07:43:33","16383.58"
"206","2019-07-23 21:28:30","1417.02"
"207","1986-09-04 21:14:00","11682.23"
"207","1986-09-05 21:14:00","4377.62"
"208","1978-01-04 17:17:51","10615.46"
"208","1978-01-05 17:17:51","606.93"
"209","1995-05-17 04:31:56","9347.12"
"209","1995-05-18 04:31:56","3187.93"
"209","2018-01-21 17:04:50","598.65"
"210","1981-10-05 16:44:47","34248.17"
"210","1981-10-06 16:44:47","21227.65"
"210","1988-05-10 22:06:42","9615.25"
"210","1990-09-30 13:20:38","7653.81"
"211","1974-05-09 07:34:57","61722.33"
"211","1974-05-10 07:34:57","50943.32"
"211","1986-12-30 17:12:14","45129.75"
"211","1991-06-03 19:10:44","31354.23"
"211","2003-03-02 15:56:52","22015.43"
"211","2011-01-29 06:14:00","19696.12"
"211","2013-04-30 18:31:52","4324.79"
"212","1982-10-08 13:10:10","12204.0"
"212","1982-10-09 13:10:10","1067.8"
"212","2012-01-12 15:47:25","36.24"
"213","1971-03-14 22:05:22","29393.86"
"213","1971-03-15 22:05:22","25234.19"
"213","1982-05-18 00:48:10","22472.39"
"213","2003-07-16 08:33:31","18420.5"
"213","2004-01-10 12:36:23","15381.64"
"213","2017-03-02 01:10:30","5693.74"
"214","1975-09-04 23:05:35","39843.74"
"214","1975-09-05 23:05:35","34072.5"
"214","1995-09-24 16:01:48","23556.89"
"214","2018-02-23 21:30:42","17876.78"
"214","2022-09-20 01:27:14","2968.53"
"215","1991-03-12 23:28:51","30446.13"
"215","1991-03-13 23:28:51","23183.19"
"215","1994-09-30 19:51:09","3445.14"
"216","1977-12-23 18:37:22","25253.4"
"216","1977-12-24 18:37:22","21553.33"
"216","1989-05-10 18:09:14","17434.87"
"216","1993-01-31 19:04:48","4379.01"
"217","1973-04-14 20:38:31","28505.75"
"217","1973-04-15 20:38:31","25217.13"
"217","1981-12-26 10:54:00","22300.62"
"217","2012-11-07 04:08:30","10774.3"
"217","2017-06-27 00:25:54","8646.09"
"218","1979-08-26 10:09:40","12284.26"
"218","1979-08-27 10:09:40","11623.74"
"218","1993-08-23 03:34:53","9471.76"
"218","2022-08-17 16:01:07","7232.27"
"219","1982-03-21 11:13:04","47289.1"
"219","1982-03-22 11:13:04","45227.2"
"219","1994-08-12 18:49:34","32735.74"
"219","2003-08-31 15:23:10","28187.43"
"219","2020-12-22 00:18:22","24512.04"
"219","2022-05-03 18:04:44","18329.38"
"219","2022-07-13 07:35:14","3170.0"
"220","2020-02-26 09:06:50","13187.55"
"220","2020-02-27 09:06:50","9556.23"
"221","1971-06-16 01:10:14","13037.61"
"221","1971-06-17 01:10:14","6510.97"
"221","1986-07-06 10:33:07","4146.69"
"221","1999-04-28 06:03:15","3130.82"
"222","1970-10-21 08:50:45","24128.5"
"222","1970-10-22 08:50:45","16698.9"
"222","1995-04-23 05:45:37","7563.7"
"223","1978-11-04 14:02:17","9881.05"
"223","1978-11-05 14:02:17","7643.1"
"223","1982-03-22 10:41:45","260.28"
"224","1982-07-23 17:36:44","33552.86"
"224","1982-07-24 17:36:44","22088.38"
"224","2010-09-06 06:03:32","10921.63"
"224","2013-01-07 03:48:55","6411.79"
"225","1971-01-24 21:14:32","35210.15"
"225","1971-01-25 21:14:32","29146.75"
"225","1974-11-30 04:15:27","24244.46"
"225","1988-01-09 00:27:18","18248.68"
"225","2000-01-27 14:58:47","13429.32"
"225","2002-02-02 18:11:43","10442.67"
"225","2005-01-24 06:51:53","5560.79"
"225","2018-05-18 00:25:46","4002.19"
"226","1974-10-15 03:55:20","41676.49"
"226","1974-10-16 03:55:20","36233.29"
"226","1986-08-01 15:07:15","34985.81"
"226","1988-04-17 00:26:27","24680.64"
"226","1998-06-04 10:36:47","7240.88"
"226","2001-10-16 20:04:40","3718.86"
"226","2018-11-27 07:09:41","3010.98"
"226","2020-05-19 02:19:18","1778.98"
"227","1996-12-09 06:08:00","13962.64"
"227","1996-12-10 06:08:00","6403.7"
"227","2008-07-28 02:38:12","3509.87"
"228","1984-10-10 07:28:04","47881.78"
"228","1984-10-11 07:28:04","38370.01"
"228","1994-05-18 09:22:18","33704.44"
"228","1996-04-24 10:58:04","29014.98"
"228","2010-06-04 06:45:53","23307.54"
"228","2018-06-09 18:24:38","18369.47"
"228","2019-01-29 14:41:29","7352.42"
"229","1983-01-10 05:12:54","26728.78"
"229","1983-01-11 05:12:54","11311.34"
"229","1993-10-24 00:29:09","10769.7"
"229","1999-08-24 23:11:24","6299.85"
"229","2009-07-11 04:32:55","3322.17"
"230","2005-07-29 08:18:11","18032.57"
"230","2005-07-30 08:18:11","8566.64"
"230","2018-10-26 11:04:26","7543.64"
"231","2001-08-08 18:23:08","8672.21"
"231","2001-08-09 18:23:08","7678.12"
"231","2006-05-22 12:30:19","7056.43"
"232","1978-11-26 17:16:05","19720.75"
"232","1978-11-27 17:16:05","15297.11"
"232","1986-05-14 22:48:09","14515.01"
"232","2011-06-14 17:31:21","1508.34"
"233","1975-08-17 11:27:33","36721.61"
"233","1975-08-18 11:27:33","24290.34"
"233","1981-01-25 23:23:08","21865.32"
"233","1991-03-06 15:30:19","18149.63"
"233","1998-01-22 04:45:36","8136.74"
"233","2001-08-25 13:50:13","6313.04"
"233","2016-06-09 05:09:33","4046.05"
"234","1986-08-25 07:52:02","49164.39"
"234","1986-08-26 07:52:02","25840.23"
"234","1988-12-26 10:44:11","13565.12"
"234","2011-01-17 12:45:04","7061.32"
"234","2017-01-31 07:15:12","3552.93"
"235","1972-04-29 16:44:59","43267.64"
"235","1972-04-30 16:44:59","31072.37"
"235","1980-09-10 19:43:35","14095.25"
"235","1985-09-29 02:22:34","7898.51"
"235","2001-01-12 06:31:10","929.81"
"236","1988-05-18 16:30:43","38882.03"
"236","1988-05-19 16:30:43","27162.75"
"236","2000-01-28 22:46:55","16120.59"
"236","2013-07-11 01:27:15","8554.22"
"237","1997-09-29 10:04:14","22399.99"
"237","1997-09-30 10:04:14","9685.19"
"237","2000-05-28 19:36:44","2885.81"
"238","1972-09-23 20:55:41","49344.41"
"238","1972-09-24 20:55:41","46666.91"
"238","1975-01-01 06:46:58","44936.51"
"238","1987-02-03 13:15:36","35937.31"
"238","2010-09-20 02:54:45","15758.47"
"238","2017-10-25 20:11:35","4549.52"
"239","1970-03-07 03:18:40","12028.87"
"239","1970-03-08 03:18:40","8025.01"
"239","2000-03-01 09:55:50","6326.09"
"240","1989-04-07 01:59:39","29566.09"
"240","1989-04-08 01:59:39","26690.77"
"240","2009-05-07 14:41:06","20948.82"
"240","2017-06-23 09:08:09","17066.09"
"240","2018-01-09 12:58:18","6110.09"
"241","1970-09-16 21:30:14","34811.25"
"241","1970-09-17 21:30:14","25662.45"
"241","1997-08-27 05:58:09","16656.41"
"241","2016-01-21 02:59:36","8200.07"
"242","1988-05-24 15:04:48","19479.17"
"242","1988-05-25 15:04:48","18314.66"
"242","1995-12-03 15:19:30","11317.7"
"242","2008-11-09 15:16:26","3988.85"
"243","1993-01-10 13:26:18","17998.78"
"243","1993-01-11 13:26:18","4508.54"
"244","1976-04-18 14:04:29","22725.0"
"244","1976-04-19 14:04:29","17031.48"
"244","2018-02-25 23:49:27","6486.0"
"245","1988-08-11 06:21:36","42337.57"
"245","1988-08-12 06:21:36","22394.25"
"245","2002-11-26 18:02:08","15891.08"
"245","2007-12-31 03:42:59","9333.23"
"246","1974-09-30 02:21:30","49470.95"
"246","1974-10-01 02:21:30","41359.64"
"246","2007-04-05 14:01:04","31178.59"
"246","2016-12-12 00:25:00","30523.15"
"246","2017-11-17 19:51:29","15105.94"
"246","2020-07-24 17:00:05","2030.09"
"247","1971-12-16 18:17:40","29582.46"
"247","1971-12-17 18:17:40","19956.64"
"247","1973-10-01 15:14:35","6813.4"
"247","2003-02-11 00:36:11","3767.18"
"248","1970-01-10 01:11:38","13014.05"
"248","1970-01-11 01:11:38","8516.57"
"248","1989-01-30 14:07:50","3700.89"
"249","1973-10-27 10:24:28","30591.56"
"249","1973-10-28 10:24:28","16966.66"
"249","1973-12-28 22:48:43","16809.88"
"249","1976-08-10 05:23:15","8204.04"
"249","2004-03-30 05:13:34","6542.9"
"250","2012-02-12 00:51:35","7509.43"
"251","1973-08-17 19:03:05","15985.39"
"251","1973-08-18 19:03:05","9437.74"
"251","2021-04-10 20:57:31","5413.18"
"252","1988-06-20 17:45:47","43149.35"
"252","1988-06-21 17:45:47","37123.56"
"252","1998-09-06 18:17:41","26395.03"
"252","2004-03-20 02:50:17","21418.46"
"252","2020-01-19 00:03:11","5439.77"
"253","1979-05-05 19:14:12","29571.68"
"253","1979-05-06 19:14:12","18267.33"
"253","1988-08-17 20:07:01","14798.7"
"253","1994-05-23 17:34:27","9667.04"
"254","1988-10-03 19:34:31","13393.75"
"254","1988-10-04 19:34:31","7426.68"
"254","2005-06-18 14:03:14","549.32"
"255","1983-10-09 02:39:33","36925.28"
"255","1983-10-10 02:39:33","28900.69"
"255","2011-12-03 10:37:03","16654.32"
"255","2016-01-29 01:04:25","9670.82"
"256","1981-07-19 05:09:06","8343.44"
"256","1981-07-20 05:09:06","3756.06"
"256","2007-01-15 20:00:31","1392.69"
"257","1973-04-28 17:35:46","42855.19"
"257","1973-04-29 17:35:46","39485.41"
"257","1986-05-06 03:27:20","33620.31"
"257","2004-04-30 16:17:28","27344.6"
"257","2007-10-31 22:59:35","21874.86"
"257","2021-12-14 20:05:24","3928.6"
"257","2021-12-21 06:37:12","2614.04"
"258","1974-01-10 09:25:20","15726.94"
"258","1974-01-11 09:25:20","12473.92"
"258","1984-08-31 13:52:24","11642.25"
"258","1996-08-19 01:16:54","10529.73"
"258","2000-01-27 22:56:48","4318.84"
"259","1982-07-18 07:49:08","24868.55"
"259","1982-07-19 07:49:08","19802.21"
"259","2000-01-15 05:59:46","18875.32"
"259","2004-05-31 15:24:19","8589.52"
"260","1971-02-15 22:32:48","22750.29"
"260","1971-02-16 22:32:48","18570.68"
"260","1984-01-25 04:52:11","12570.93"
"260","1985-03-15 17:31:24","6455.95"
"261","2003-09-01 10:21:28","23036.13"
"261","2003-09-02 10:21:28","8646.2"
"262","1972-08-05 19:48:08","36737.76"
"262","1972-08-06 19:48:08","26185.93"
"262","1998-03-28 21:35:46","17000.19"
"262","2021-02-09 07:21:35","4371.19"
"263","1999-12-16 12:53:02","6600.53"
"263","1999-12-17 12:53:02","5512.96"
"263","2007-05-12 22:50:19","3338.14"
"264","1973-06-04 13:38:27","48754.79"
"264","1973-06-05 13:38:27","37124.28"
"264","1997-12-17 16:50:26","30479.06"
"264","2006-06-09 09:12:32","20280.5"
"264","2008-06-29 08:24:08","12139.06"
"264","2008-08-14 16:48:33","7149.17"
"265","1975-11-26 08:14:00","46457.71"
"265","1975-11-27 08:14:00","45385.21"
"265","2002-04-13 01:26:20","35561.35"
"265","2019-02-20 18:03:21","18455.91"
"265","2022-06-17 21:50:16","9203.61"
"266","1976-01-07 08:28:10","28126.27"
"266","1976-01-08 08:28:10","15178.25"
"266","1979-03-17 01:36:43","9044.35"
"266","1986-05-15 17:47:53","4143.12"
"266","2011-06-12 05:38:46","3430.54"
"267","1971-08-23 22:06:45","64057.25"
"267","1971-08-24 22:06:45","43701.1"
"267","1971-09-14 21:45:46","36480.9"
"267","1979-01-10 13:24:00","30553.62"
"267","1996-06-01 16:00:25","19756.87"
"267","2002-04-08 17:17:36","14398.55"
"267","2022-02-11 11:16:48","9458.0"
"268","1978-08-13 11:41:25","13359.95"
"268","1978-08-14 11:41:25","5888.04"
"268","2020-05-07 14:09:17","5480.08"
"269","1971-01-31 16:07:10","22762.73"
"269","1971-02-01 16:07:10","22284.97"
"269","2018-10-15 08:35:08","9739.71"
"270","1979-06-24 19:11:51","7028.37"
"270","1979-06-25 19:11:51","6691.95"
"270","1991-04-01 19:59:54","5967.92"
"270","2004-10-28 19:50:47","3087.17"
"270","2011-09-27 14:10:30","632.13"
"271","1989-06-22 20:15:53","8575.42"
"271","1989-06-23 20:15:53","5556.67"
"271","2021-07-06 13:05:05","1018.44"
"272","1995-04-03 03:56:34","11234.06"
"272","1995-04-04 03:56:34","3710.08"
"273","2005-12-18 11:03:25","31171.59"
"273","2005-12-19 11:03:25","19358.64"
"273","2009-09-13 02:10:33","8054.21"
"274","1997-06-10 04:11:36","19729.57"
"274","1997-06-11 04:11:36","12348.18"
"274","2000-12-27 16:35:07","4054.05"
"274","2006-10-16 13:03:31","277.8"
"275","2018-01-25 14:05:34","10058.05"
"275","2018-01-26 14:05:34","6755.66"
"275","2023-10-30 10:32:18","2227.69"
"276","1973-11-03 11:10:51","52161.59"
"276","1973-11-04 11:10:51","37719.03"
"276","1990-03-20 19:10:48","18120.68"
"276","2007-07-20 23:27:34","13128.72"
"276","2014-03-10 21:14:09","7251.56"
"276","2018-01-14 11:03:13","1266.93"
"277","1993-02-12 23:05:37","23768.1"
"277","1993-02-13 23:05:37","18589.89"
"277","2006-08-22 17:51:52","12983.95"
"277","2019-07-22 14:01:06","3633.88"
"278","2020-04-25 15:49:48","12373.93"
"278","2020-04-26 15:49:48","4551.95"
"279","2007-01-10 15:57:29","2417.66"
"280","1985-01-08 23:53:13","17054.23"
"280","1985-01-09 23:53:13","13634.09"
"280","1993-08-19 04:45:30","3461.17"
"281","2002-06-04 18:48:28","37458.72"
"281","2002-06-05 18:48:28","29033.44"
"281","2021-06-27 21:56:40","23360.06"
"281","2022-05-16 23:56:07","13728.4"
"281","2022-06-27 00:28:21","7157.44"
"282","1986-01-06 23:41:50","20826.75"
"282","1986-01-07 23:41:50","13394.57"
"282","1987-06-06 10:53:32","5749.11"
"283","1970-12-30 17:08:07","11674.72"
"283","1970-12-31 17:08:07","3702.3"
"284","1974-09-16 13:39:13","28422.66"
"284","1974-09-17 13:39:13","28072.66"
"284","1991-11-04 23:15:29","25355.61"
"284","2003-01-01 10:56:09","14830.36"
"284","2017-03-08 09:18:57","2710.67"
"285","1974-09-16 06:25:51","28813.18"
"285","1974-09-17 06:25:51","25795.3"
"285","1977-11-16 07:09:06","24824.21"
"285","2006-03-24 16:57:19","17673.43"
"285","2014-07-09 07:27:37","4932.33"
"285","2014-08-01 23:01:53","4541.97"
"286","1995-04-08 06:32:53","5409.73"
"287","1980-09-04 08:43:46","18693.25"
"287","1980-09-05 08:43:46","14830.17"
"287","1982-10-09 19:34:13","4571.27"
"287","1986-07-25 13:00:14","1440.43"
"288","1975-03-15 02:44:40","54398.38"
"288","1975-03-16 02:44:40","36213.67"
"288","1989-01-03 14:17:54","31959.94"
"288","1994-09-22 20:27:31","25888.11"
"288","2002-07-01 09:42:05","17300.84"
"288","2012-03-31 09:06:14","7224.64"
"289","1987-04-02 08:08:35","41297.74"
"289","1987-04-03 08:08:35","36658.69"
"289","1990-10-15 01:56:53","30710.54"
"289","2001-04-02 03:18:28","30401.49"
"289","2008-09-06 05:08:57","19954.07"
"289","2009-12-24 04:47:05","8017.51"
"290","1979-10-20 17:41:31","7785.69"
"290","1979-10-21 17:41:31","5854.53"
"291","1971-06-01 01:00:04","48409.68"
"291","1971-06-02 01:00:04","39004.33"
"291","1978-11-16 07:19:12","25731.64"
"291","1982-10-21 20:48:25","20087.64"
"291","1983-07-23 02:29:37","16402.4"
"291","2006-02-15 11:33:37","8342.84"
"291","2008-04-25 05:13:40","7998.32"
"292","1971-10-09 06:49:19","56018.12"
"292","1971-10-10 06:49:19","38167.63"
"292","1987-04-08 18:35:23","30367.19"
"292","2002-08-17 18:45:27","25804.58"
"292","2005-05-21 05:37:45","13430.7"
"292","2016-06-09 10:26:56","1858.51"
"293","1979-06-02 00:26:21","69455.5"
"293","1979-06-03 00:26:21","55352.64"
"293","1979-11-12 10:21:00","41453.86"
"293","1984-09-03 05:13:26","26969.97"
"293","1999-03-07 11:03:36","23492.21"
"293","2000-06-24 15:05:43","11846.85"
"293","2008-06-11 15:08:08","9829.43"
"294","1986-09-10 00:13:25","54936.66"
"294","1986-09-11 00:13:25","44583.37"
"294","1990-04-06 02:50:42","38784.8"
"294","1996-12-05 13:14:28","35250.6"
"294","1998-05-24 14:31:38","21572.58"
"294","2002-02-24 03:03:10","21172.57"
"294","2009-06-03 10:18:42","16022.11"
"294","2019-09-21 17:19:48","8829.54"
"295","1973-06-18 16:14:15","7985.21"
"295","1973-06-19 16:14:15","586.97"
"296","1988-01-07 14:05:07","5809.17"
"297","2003-04-02 09:00:18","15972.21"
"297","2003-04-03 09:00:18","4914.32"
"298","1984-02-20 20:17:20","40611.01"
"298","1984-02-21 20:17:20","35232.85"
"298","1994-05-04 17:53:00","27614.19"
"298","1996-08-08 02:50:03","25728.53"
"298","1997-10-22 07:08:36","17954.48"
"298","2018-02-16 17:47:24","2326.46"
"299","1995-09-02 16:49:05","11498.72"
"299","1995-09-03 16:49:05","10598.96"
"299","2012-09-02 22:40:41","9312.5"
"300","1987-04-17 19:16:41","36687.3"
"300","1987-04-18 19:16:41","35425.33"
"300","1989-02-08 20:16:19","21276.53"
"300","2012-07-05 17:48:40","8219.98"
"301","1971-04-13 21:18:27","37146.51"
"301","1971-04-14 21:18:27","27492.6"
"301","2006-07-05 04:14:31","20592.8"
"301","2015-05-22 17:07:49","13952.32"
"301","2017-08-04 13:52:30","9204.58"
"302","1983-09-30 15:19:37","4953.35"
"303","1979-06-29 13:32:54","38367.35"
"303","1979-06-30 13:32:54","23472.97"
"303","1995-10-02 21:10:01","15292.1"
"303","2014-05-19 17:54:44","7741.43"
"304","1997-05-16 20:08:07","23309.95"
"304","1997-05-17 20:08:07","8143.61"
"304","2003-02-04 07:58:28","3011.35"
"305","2000-08-31 20:08:06","32607.13"
"305","2000-09-01 20:08:06","22530.35"
"305","2010-06-21 15:32:08","15308.41"
"305","2013-07-20 05:53:50","8592.72"
"306","2007-05-27 22:40:34","4705.85"
"306","2007-05-28 22:40:34","3530.27"
"307","1982-12-10 13:58:23","47713.82"
"307","1982-12-11 13:58:23","32437.04"
"307","2000-01-01 13:04:18","21527.6"
"307","2007-09-02 14:46:53","19591.43"
"307","2012-04-06 21:58:26","4731.93"
"308","1998-03-10 16:35:13","8658.18"
"309","1977-03-26 13:04:22","35835.9"
"309","1977-03-27 13:04:22","29766.33"
"309","1990-02-03 13:13:31","23986.0"
"309","2021-06-12 14:40:28","9251.37"
"310","1981-07-10 18:19:25","40855.97"
"310","1981-07-11 18:19:25","26102.51"
"310","1985-02-02 14:16:11","17301.89"
"310","1988-01-16 20:27:21","14563.87"
"310","2013-03-06 13:39:26","5162.13"
"311","1980-06-17 09:07:12","47456.87"
"311","1980-06-18 09:07:12","40383.01"
"311","1982-02-24 05:50:04","25084.94"
"311","1991-10-23 07:25:16","14765.59"
"311","1993-10-05 04:20:27","6636.77"
"312","2017-05-02 10:36:12","1328.21"
"313","1976-10-01 17:32:42","22229.06"
"313","1976-10-02 17:32:42","16234.08"
"313","1979-11-27 07:09:08","13222.33"
"313","2019-06-07 00:50:28","8778.02"
"313","2020-11-16 05:30:12","3489.22"
"314","1980-01-23 04:44:27","6623.76"
"314","1980-01-24 04:44:27","1747.46"
"315","1998-03-03 20:30:19","32378.97"
"315","1998-03-04 20:30:19","6503.24"
"316","1971-03-27 17:30:41","49336.28"
"316","1971-03-28 17:30:41","43985.84"
"316","1971-09-08 03:25:07","39500.56"
"316","1985-07-17 05:35:28","37543.37"
"316","2000-01-31 10:51:23","33524.33"
"316","2009-10-28 03:38:40","28239.74"
"316","2011-07-01 02:04:08","7967.68"
"316","2013-05-09 10:43:50","4775.81"
"317","1985-07-11 14:10:40","43997.63"
"317","1985-07-12 14:10:40","30451.74"
"317","2002-09-16 08:20:06","26503.83"
"317","2007-12-05 00:12:45","23001.0"
"317","2012-06-09 02:13:08","14542.6"
"317","2015-01-15 20:24:30","8133.66"
"318","1977-09-20 03:56:13","9539.87"
"318","1977-09-21 03:56:13","8710.99"
"318","1978-10-29 06:23:16","3341.16"
"318","1997-07-02 00:06:34","1660.83"
"319","1981-06-03 21:08:27","63383.02"
"319","1981-06-04 21:08:27","53704.92"
"319","1983-07-03 15:05:04","42540.43"
"319","1984-05-07 01:35:46","36464.83"
"319","2001-11-22 07:43:57","31038.01"
"319","2004-03-12 21:23:15","15928.2"
"319","2007-02-06 10:01:47","9488.71"
"320","2022-07-07 21:42:38","10548.19"
"320","2022-07-08 21:42:38","4770.67"
"321","1999-11-10 18:36:58","30419.16"
"321","1999-11-11 18:36:58","25905.84"
"321","2022-03-22 16:27:13","5905.77"
"322","1975-12-02 12:56:48","24941.87"
"322","1975-12-03 12:56:48","19341.91"
"322","2009-06-16 01:19:17","4483.17"
"322","2015-08-10 19:06:40","3141.0"
"323","1976-06-11 19:19:46","16318.81"
"323","1976-06-12 19:19:46","8896.18"
"324","1983-05-28 18:13:42","48365.24"
"324","1983-05-29 18:13:42","36353.57"
"324","1988-01-09 00:16:38","28177.61"
"324","2016-07-26 06:39:40","20714.15"
"324","2018-01-28 11:05:33","5419.7"
"324","2019-10-18 06:41:50","242.51"
"325","2021-11-27 15:38:08","7363.93"
"326","1981-06-18 12:16:34","23742.45"
"326","1981-06-19 12:16:34","18943.55"
"326","1991-08-28 21:56:38","15623.43"
"326","1993-06-08 13:44:39","9030.74"
"326","1999-12-18 17:19:11","1636.39"
"327","1971-05-30 03:41:11","17713.22"
"327","1971-05-31 03:41:11","8715.64"
"328","1974-02-03 14:26:38","32990.1"
"328","1974-02-04 14:26:38","19358.93"
"328","1983-11-21 12:12:30","7920.04"
"329","1976-10-16 13:55:48","43965.77"
"329","1976-10-17 13:55:48","39787.39"
"329","1993-09-21 08:46:15","30040.56"
"329","2002-10-16 21:25:16","14888.37"
"329","2010-08-15 23:23:48","9292.5"
"329","2020-06-21 20:41:45","8107.68"
"330","1977-04-04 17:59:16","30571.87"
"330","1977-04-05 17:59:16","30459.12"
"330","1978-09-07 07:02:48","30383.16"
"330","1996-05-12 06:48:36","16273.25"
"330","1997-03-07 14:43:15","2277.45"
"331","1973-05-06 23:12:53","42592.46"
"331","1973-05-07 23:12:53","32170.98"
"331","1992-12-13 06:38:29","19323.4"
"331","1996-03-11 06:53:21","14880.68"
"331","2000-09-04 11:09:47","12067.39"
"331","2021-03-05 17:08:12","1308.06"
"332","2013-03-15 03:41:54","6817.7"
"332","2013-03-16 03:41:54","482.25"
"333","1979-10-24 04:50:56","20610.34"
"333","1979-10-25 04:50:56","12091.55"
"333","1998-09-01 01:44:58","11080.97"
"333","2023-06-19 06:50:57","7011.62"
"334","2009-06-08 22:08:51","3429.84"
"335","2007-08-21 00:05:48","5053.53"
"335","2007-08-22 00:05:48","5033.03"
"336","1993-09-29 11:32:21","13770.34"
"336","1993-09-30 11:32:21","11256.58"
"336","2002-11-25 01:40:50","4109.74"
"337","1988-05-28 06:57:20","14250.27"
"337","1988-05-29 06:57:20","5759.46"
"337","2018-10-15 02:32:06","2588.92"
"338","1971-10-02 04:16:05","57662.64"
"338","1971-10-03 04:16:05","45944.08"
"338","1981-01-21 13:54:12","44504.23"
"338","1988-10-11 07:35:20","32718.31"
"338","2001-11-05 08:12:04","25681.38"
"338","2011-09-03 05:13:57","10112.99"
"338","2016-11-17 11:29:50","7528.73"
"339","1996-12-03 18:30:56","18515.79"
"339","1996-12-04 18:30:56","8763.61"
"339","2009-08-26 04:30:42","7639.54"
"340","1998-09-14 19:25:39","23496.93"
"340","1998-09-15 19:25:39","20866.53"
"340","2002-05-04 09:02:15","18399.09"
"340","2006-12-07 06:22:32","10510.03"
"340","2023-03-03 21:56:13","2435.4"
"341","1971-11-13 15:59:12","35930.16"
"341","1971-11-14 15:59:12","26998.38"
"341","1978-12-25 12:59:25","26044.62"
"341","1982-11-19 08:23:01","20184.12"
"341","1994-02-15 04:13:07","5468.53"
"342","1985-01-04 17:17:35","32710.18"
"342","1985-01-05 17:17:35","27072.17"
"342","2005-06-03 22:32:02","22902.73"
"342","2020-03-04 01:17:44","9077.41"
"343","1975-04-22 09:49:21","34737.37"
"343","1975-04-23 09:49:21","18398.65"
"343","2017-03-23 15:39:21","77.08"
"344","1989-03-09 02:57:21","8782.46"
"345","1980-09-01 19:00:49","17414.4"
"345","1980-09-02 19:00:49","14633.44"
"345","2013-07-30 17:16:44","1321.56"
"346","1978-08-30 14:33:55","3224.95"
"346","1978-08-31 14:33:55","1342.1"
"347","1999-01-10 19:19:13","13628.17"
"347","1999-01-11 19:19:13","1660.53"
"348","1980-10-29 04:57:42","11657.58"
"348","1980-10-30 04:57:42","7460.32"
"349","1987-12-24 01:02:19","21862.75"
"349","1987-12-25 01:02:19","13695.82"
"349","1994-08-03 16:26:51","11540.59"
"349","2003-05-30 01:29:40","9464.34"
"349","2006-08-13 11:24:57","7279.8"
"350","1974-05-06 17:29:39","41117.28"
"350","1974-05-07 17:29:39","40661.76"
"350","1979-12-18 05:14:02","29829.45"
"350","1981-05-11 10:18:23","20688.19"
"350","1991-12-12 09:46:58","18905.07"
"350","2003-01-13 22:41:25","14107.21"
"350","2005-04-27 17:17:33","9885.07"
"350","2021-07-04 01:51:13","139.73"
"351","1976-02-02 21:59:43","11136.78"
"351","1976-02-03 21:59:43","3005.79"
"351","1999-02-12 07:16:30","473.98"
"352","1984-05-24 18:15:26","26670.6"
"352","1984-05-25 18:15:26","6703.36"
"352","1996-08-26 01:07:06","6069.44"
"353","1983-12-08 19:00:41","10328.65"
"353","1983-12-09 19:00:41","10142.1"
"353","1993-11-03 21:05:32","6533.85"
"353","1999-02-26 06:06:01","6163.81"
"354","1981-07-30 04:48:54","9430.03"
"354","1981-07-31 04:48:54","6136.27"
"354","1990-06-11 22:25:03","4391.95"
"355","1982-11-14 11:05:24","26457.94"
"355","1982-11-15 11:05:24","26428.87"
"355","1984-08-01 21:11:46","16160.16"
"355","2011-01-08 00:42:25","9432.04"
"356","2005-08-04 10:32:46","4141.41"
"356","2005-08-05 10:32:46","1881.69"
"357","1974-06-18 21:16:06","47440.21"
"357","1974-06-19 21:16:06","38088.19"
"357","1976-12-17 03:58:10","29023.57"
"357","1981-04-17 12:44:43","28259.85"
"357","2003-06-12 08:44:06","11756.03"
"357","2005-01-28 08:13:43","4473.83"
"358","1972-10-05 20:00:01","70124.89"
"358","1972-10-06 20:00:01","54043.5"
"358","1980-02-03 21:31:51","45801.64"
"358","1987-07-10 15:35:18","35362.67"
"358","1995-11-06 05:06:01","13471.46"
"358","2009-03-20 17:30:52","5691.9"
"359","1971-08-23 17:24:15","31089.55"
"359","1971-08-24 17:24:15","19018.76"
"359","1977-04-20 23:26:17","6621.74"
"359","2003-11-26 03:51:47","3668.99"
"360","1971-10-16 15:14:51","52504.68"
"360","1971-10-17 15:14:51","41516.29"
"360","1996-05-14 19:39:43","30249.73"
"360","2001-10-10 23:12:44","11207.72"
"360","2023-10-07 14:04:59","5619.56"
"361","1975-10-31 06:25:25","37004.65"
"361","1975-11-01 06:25:25","29444.44"
"361","2007-11-19 01:50:53","11010.91"
"361","2017-10-06 11:07:12","4848.99"
"362","1982-02-23 01:12:51","42624.99"
"362","1982-02-24 01:12:51","37567.54"
"362","1987-03-06 03:34:02","34586.44"
"362","1995-09-20 15:14:23","13166.77"
"362","1997-11-09 14:14:01","11236.87"
"362","2019-12-29 05:53:48","8171.92"
"363","1973-10-20 04:06:31","58180.64"
"363","1973-10-21 04:06:31","45215.68"
"363","1991-12-10 20:22:26","32825.25"
"363","1992-10-27 05:58:19","25293.89"
"363","1994-10-06 13:28:32","19798.8"
"363","2016-02-21 18:15:21","7976.4"
"363","2021-03-09 04:59:17","5199.0"
"364","1998-07-31 13:29:19","16347.92"
"364","1998-08-01 13:29:19","12632.39"
"364","2015-09-20 15:11:01","7626.77"
"365","1975-04-14 18:42:05","52239.27"
"365","1975-04-15 18:42:05","42449.93"
"365","1993-12-18 12:24:27","28014.21"
"365","1997-05-07 03:40:23","24254.01"
"365","1997-11-01 10:41:03","13413.84"
"365","1998-11-24 14:27:02","3002.57"
"366","1987-11-22 08:42:47","36824.39"
"366","1987-11-23 08:42:47","35331.46"
"366","1995-01-14 10:19:09","23115.51"
"366","2006-08-10 11:33:44","9270.37"
"367","2020-08-14 04:31:49","25892.15"
"367","2020-08-15 04:31:49","16148.82"
"367","2023-09-20 18:50:36","9621.95"
"368","1976-03-30 12:50:33","38974.64"
"368","1976-03-31 12:50:33","29793.62"
"368","2001-08-27 19:47:18","18825.29"
"368","2003-10-02 02:50:08","7569.36"
"368","2004-03-29 22:10:42","5218.08"
"369","1976-01-11 16:07:26","17559.63"
"369","1976-01-12 16:07:26","15464.93"
"369","1979-09-13 01:43:56","6019.53"
"369","1993-02-27 05:33:36","2668.49"
"369","2022-10-18 08:56:36","1479.4"
"370","2007-07-03 10:38:26","21985.45"
"370","2007-07-04 10:38:26","7416.37"
"371","1975-08-18 00:16:34","11247.22"
"371","1975-08-19 00:16:34","10944.74"
"371","2010-06-11 10:41:04","10147.58"
"371","2017-03-09 20:30:42","3270.91"
"372","1988-12-27 06:23:44","26460.98"
"372","1988-12-28 06:23:44","20091.54"
"372","2018-04-01 23:52:33","9243.92"
"373","1974-08-25 10:36:49","19425.42"
"373","1974-08-26 10:36:49","17531.55"
"373","1991-11-15 02:16:02","10631.13"
"373","2019-04-18 09:10:42","9170.98"
"374","1982-12-09 14:15:34","20507.5"
"374","1982-12-10 14:15:34","7190.61"
"374","1993-04-29 12:53:35","3857.72"
"374","1994-06-27 14:02:26","1479.77"
"375","1986-12-13 06:56:33","18755.75"
"375","1986-12-14 06:56:33","12596.12"
"375","2004-10-15 09:34:31","12130.12"
"375","2006-09-06 05:17:40","8359.08"
"375","2018-09-28 12:39:51","4285.47"
"375","2020-05-13 05:50:07","805.8"
"376","2012-06-15 17:17:29","23559.44"
"376","2012-06-16 17:17:29","1278.09"
"377","1996-06-30 15:30:23","19983.83"
"377","1996-07-01 15:30:23","18560.57"
"377","2003-06-19 05:13:12","14968.22"
"377","2011-09-26 14:20:30","3220.6"
"377","2013-02-06 16:03:45","1626.76"
"378","1978-01-24 05:56:10","5826.95"
"378","1978-01-25 05:56:10","3991.05"
"378","1979-08-17 18:06:44","3480.97"
"379","1998-08-04 02:11:50","18758.32"
"379","1998-08-05 02:11:50","9417.59"
"379","2013-04-15 13:49:38","515.54"
"380","1982-02-08 22:12:36","16135.86"
"380","1982-02-09 22:12:36","11192.52"
"380","2002-10-13 10:43:51","3529.04"
"380","2020-08-01 04:22:11","3067.94"
"381","1975-05-03 15:51:42","23773.41"
"381","1975-05-04 15:51:42","22342.89"
"381","1987-10-29 01:18:43","16486.23"
"381","2000-05-28 23:14:07","13608.47"
"381","2009-02-27 20:10:16","637.85"
"382","1972-03-02 18:49:06","13159.2"
"382","1972-03-03 18:49:06","8741.52"
"382","2011-10-09 04:44:22","4848.59"
"383","1974-05-31 17:27:51","33277.86"
"383","1974-06-01 17:27:51","24365.88"
"383","1986-03-13 20:32:40","17327.28"
"383","2019-08-02 12:22:52","5040.91"
"384","1985-10-16 08:04:55","12736.46"
"384","1985-10-17 08:04:55","12173.6"
"384","2022-04-16 06:13:49","9909.6"
"385","1994-07-18 08:01:54","25077.71"
"385","1994-07-19 08:01:54","22650.65"
"385","2004-03-03 10:57:48","21658.46"
"385","2020-09-25 21:29:44","8950.83"
"386","1971-05-04 14:48:46","40302.72"
"386","1971-05-05 14:48:46","25664.25"
"386","1989-08-27 11:08:00","9588.26"
"387","1986-07-20 01:43:11","28934.71"
"387","1986-07-21 01:43:11","19399.83"
"387","1994-01-06 11:54:53","13122.94"
"387","2022-08-08 07:27:31","7305.41"
"388","1987-06-08 02:27:16","36606.18"
"388","1987-06-09 02:27:16","26800.12"
"388","1991-11-09 10:36:47","19741.21"
"388","2004-12-07 21:54:17","15474.46"
"388","2008-01-25 23:15:05","6891.58"
"389","1981-07-25 13:10:03","26292.11"
"389","1981-07-26 13:10:03","22616.66"
"389","1991-07-06 11:30:01","14208.25"
"389","2016-07-13 09:33:57","2639.29"
"390","2009-04-02 01:22:20","57483.43"
"390","2009-04-03 01:22:20","56729.95"
"390","2010-10-15 02:39:50","51848.52"
"390","2013-08-24 00:04:57","41781.03"
"390","2017-02-19 18:11:07","35566.06"
"390","2022-08-23 09:40:11","4359.5"
"391","1977-04-09 17:54:53","27622.81"
"391","1977-04-10 17:54:53","25296.61"
"391","1992-09-12 08:32:17","24917.53"
"391","1995-02-21 18:38:49","14036.13"
"391","1995-12-05 03:28:29","12088.53"
"391","2003-01-11 00:26:38","7802.83"
"392","1989-07-11 05:37:50","33275.73"
"392","1989-07-12 05:37:50","29363.9"
"392","1996-12-01 23:42:29","23874.3"
"392","2002-10-15 13:11:28","10369.21"
"392","2004-05-02 13:25:10","1667.09"
"393","1974-02-04 08:45:27","6781.79"
"393","1974-02-05 08:45:27","6334.95"
"393","1996-07-10 02:08:46","2453.79"
"394","2009-10-07 17:54:55","4411.26"
"394","2009-10-08 17:54:55","1640.06"
"394","2021-12-30 20:22:20","62.09"
"395","2007-10-12 19:24:23","9575.43"
"395","2007-10-13 19:24:23","4135.57"
"396","1982-09-09 04:25:32","43933.32"
"396","1982-09-10 04:25:32","33358.58"
"396","1989-07-28 14:34:32","15882.39"
"396","2012-08-04 07:20:17","10183.7"
"396","2020-07-11 02:06:23","8574.61"
"397","1982-12-09 02:47:51","25707.96"
"397","1982-12-10 02:47:51","12191.14"
"397","2009-11-26 14:34:59","3325.01"
"398","1971-02-21 22:33:16","24801.84"
"398","1971-02-22 22:33:16","12419.92"
"398","2013-11-18 12:37:13","8067.64"
"399","1979-07-22 15:52:11","29607.46"
"399","1979-07-23 15:52:11","20035.94"
"399","2020-04-15 13:51:39","8242.93"
"400","1973-07-25 19:50:45","20352.8"
"400","1973-07-26 19:50:45","8247.07"
"400","1998-04-03 07:49:04","4531.78"
"400","2023-06-25 20:34:04","409.01"
"401","1979-07-08 06:05:47","8651.57"
"402","1975-01-20 02:46:52","13528.26"
"402","1975-01-21 02:46:52","12018.49"
"402","1996-05-06 11:59:44","2998.37"
"403","1972-05-16 12:26:43","35080.61"
"403","1972-05-17 12:26:43","34945.43"
"403","1982-02-24 04:53:31","26743.89"
"403","1987-10-11 07:11:09","15539.59"
"403","1996-02-14 11:57:24","8826.47"
"403","2014-04-17 07:50:50","7521.07"
"404","1977-04-24 13:26:42","12693.72"
"404","1977-04-25 13:26:42","9724.82"
"404","2004-04-12 22:26:01","546.76"
"405","1993-01-09 18:05:21","13475.25"
"405","1993-01-10 18:05:21","8178.01"
"405","2006-07-14 19:43:15","4018.34"
"406","1973-04-21 22:23:16","49316.93"
"406","1973-04-22 22:23:16","37508.62"
"406","1981-04-16 00:33:27","24482.2"
"406","2001-05-31 22:00:56","7639.43"
"406","2006-09-02 04:06:09","7398.67"
"407","1985-08-18 03:57:17","19701.26"
"407","1985-08-19 03:57:17","10172.68"
"407","2007-04-18 21:52:26","8471.4"
"407","2008-08-03 08:18:33","8293.74"
"407","2009-10-26 19:54:37","1603.02"
"408","1976-03-19 14:58:07","2426.33"
"408","1976-03-20 14:58:07","458.16"
"408","2021-02-13 16:45:44","181.0"
"409","1996-10-31 06:16:13","16086.4"
"409","1996-11-01 06:16:13","8806.56"
"409","2004-01-24 00:28:57","4368.07"
"409","2022-03-20 21:36:52","4178.12"
"410","1971-09-24 17:41:26","12847.21"
"410","1971-09-25 17:41:26","12806.21"
"410","2001-05-02 02:42:19","6945.15"
"410","2021-03-15 18:16:59","26.34"
"411","1971-02-12 11:11:46","38277.44"
"411","1971-02-13 11:11:46","30962.74"
"411","1996-02-11 15:40:19","22751.12"
"411","2023-02-02 19:30:53","8817.62"
"412","1989-08-01 00:37:46","9255.87"
"412","1989-08-02 00:37:46","467.67"
"413","1987-09-14 06:48:17","26166.21"
"413","1987-09-15 06:48:17","10339.73"
"413","1989-10-31 22:09:35","9656.28"
"413","2004-03-31 05:33:42","633.76"
"414","2012-09-23 03:08:56","24835.83"
"414","2012-09-24 03:08:56","13732.17"
"414","2020-11-16 23:18:20","7933.37"
"415","1978-07-24 22:26:19","60474.99"
"415","1978-07-25 22:26:19","51827.09"
"415","2007-11-12 12:19:22","41406.21"
"415","2014-03-13 17:43:40","32225.66"
"415","2016-12-06 19:42:05","24242.34"
"415","2020-04-28 03:36:28","6042.5"
"416","1977-04-24 14:40:29","54366.86"
"416","1977-04-25 14:40:29","43855.02"
"416","1984-02-07 02:52:16","29183.69"
"416","1987-09-27 02:20:28","21304.76"
"416","1997-03-30 18:30:51","12105.87"
"416","2021-01-15 21:19:15","8210.24"
"417","1984-11-20 11:46:56","13775.93"
"417","1984-11-21 11:46:56","13774.01"
"417","2003-04-16 16:26:40","11470.21"
"417","2009-02-09 22:22:33","9155.09"
"418","1971-02-10 21:40:00","41252.41"
"418","1971-02-11 21:40:00","28996.21"
"418","2013-09-14 01:17:46","20058.25"
"418","2020-12-21 16:07:14","7016.89"
"419","1988-06-21 17:57:16","43223.33"
"419","1988-06-22 17:57:16","22577.29"
"419","1992-05-23 10:20:48","10745.47"
"419","1995-07-14 05:18:23","8413.43"
"419","1995-11-25 03:11:16","7912.93"
"419","2022-11-03 06:00:01","6700.68"
"420","2003-11-16 13:07:17","32705.62"
"420","2003-11-17 13:07:17","12140.55"
"420","2009-10-28 17:33:27","6273.62"
"421","1975-03-27 05:08:09","43731.28"
"421","1975-03-28 05:08:09","42652.29"
"421","1981-03-26 11:14:46","30109.57"
"421","1992-10-10 16:30:14","27324.29"
"421","2002-08-27 19:05:25","25845.05"
"421","2017-04-05 10:31:20","13737.5"
"421","2021-08-25 05:40:03","7499.78"
"422","1971-06-16 23:44:56","44388.71"
"422","1971-06-17 23:44:56","26810.06"
"422","1991-12-01 21:30:40","26798.3"
"422","1998-08-16 22:49:26","19311.78"
"422","2001-02-07 01:24:27","17064.21"
"422","2003-11-20 04:14:58","8820.65"
"422","2015-09-09 19:53:54","4457.17"
"423","1974-07-15 00:35:55","2439.13"
"423","1974-07-16 00:35:55","900.33"
"424","2017-02-05 21:15:41","9262.37"
"424","2017-02-06 21:15:41","3723.79"
"425","2015-04-05 18:49:22","8343.97"
"426","1973-09-15 11:09:58","32614.53"
"426","1973-09-16 11:09:58","31374.53"
"426","1986-10-05 05:47:02","29551.78"
"426","1991-12-31 15:55:01","18443.26"
"426","2011-11-18 17:08:02","9204.04"
"427","1975-03-15 09:22:03","30308.98"
"427","1975-03-16 09:22:03","24588.85"
"427","1976-11-23 09:15:12","20870.32"
"427","1994-03-16 07:04:28","20383.22"
"427","2003-01-25 04:17:46","16988.0"
"427","2008-04-25 06:34:42","13257.2"
"427","2012-02-08 17:03:21","5243.45"
"428","1989-04-18 21:23:22","19625.3"
"428","1989-04-19 21:23:22","16449.91"
"428","1990-05-28 00:47:32","16139.8"
"428","1995-08-27 20:17:53","7485.73"
"429","1973-08-15 02:52:20","54542.19"
"429","1973-08-16 02:52:20","41844.45"
"429","1982-04-26 02:47:38","26374.28"
"429","1995-06-29 18:13:45","19819.39"
"429","2006-08-12 13:33:09","15745.53"
"429","2013-01-08 13:58:26","13127.2"
"429","2018-07-02 05:05:39","12648.52"
"429","2022-10-22 19:46:51","9414.07"
"430","2005-03-12 03:41:24","30063.81"
"430","2005-03-13 03:41:24","22255.2"
"430","2014-12-10 07:24:23","9717.66"
"430","2019-02-10 05:15:16","5203.8"
"431","1984-04-24 21:15:22","50309.43"
"431","1984-04-25 21:15:22","40210.44"
"431","1993-05-02 17:27:42","37042.77"
"431","1994-08-27 11:56:59","32407.36"
"431","2008-11-01 06:45:01","25274.08"
"431","2009-11-06 18:13:34","22327.23"
"431","2023-08-16 16:29:02","5769.47"
"432","1976-11-17 15:35:35","25839.4"
"432","1976-11-18 15:35:35","20941.14"
"432","1991-06-06 13:36:24","7587.31"
"432","2010-11-23 18:03:13","864.89"
"433","1979-05-28 04:20:53","24640.66"
"433","1979-05-29 04:20:53","23706.66"
"433","1988-04-12 04:36:48","7379.79"
"434","1984-12-18 10:27:40","19966.32"
"434","1984-12-19 10:27:40","18669.41"
"434","1998-04-26 03:37:55","16737.05"
"434","2010-04-02 22:13:01","5782.29"
"435","1973-08-30 06:38:43","17669.96"
"435","1973-08-31 06:38:43","17540.39"
"435","2013-08-10 14:00:26","9373.77"
"436","1977-05-02 02:09:30","26800.13"
"436","1977-05-03 02:09:30","19319.18"
"436","1984-09-03 13:42:40","4527.66"
"437","1971-03-05 04:12:52","36917.56"
"437","1971-03-06 04:12:52","29108.03"
"437","1978-07-19 06:53:04","22689.48"
"437","2015-10-08 15:19:45","4395.45"
"438","1984-07-31 14:29:25","423.92"
"439","2001-03-05 20:49:27","11749.97"
"439","2001-03-06 20:49:27","4291.53"
"440","1974-02-05 14:06:21","27774.08"
"440","1974-02-06 14:06:21","15333.14"
"440","2010-10-15 08:26:05","14922.83"
"440","2012-03-07 07:42:11","4826.99"
"441","1970-10-24 04:47:49","23836.07"
"441","1970-10-25 04:47:49","20664.23"
"441","2007-03-29 17:07:21","7640.57"
"442","2017-06-25 12:52:11","25561.29"
"442","2017-06-26 12:52:11","5614.7"
"443","1978-07-18 02:12:18","42910.52"
"443","1978-07-19 02:12:18","36123.43"
"443","1993-07-09 08:03:54","34117.14"
"443","1995-10-24 15:22:23","27503.58"
"443","2013-05-29 11:05:19","12126.23"
"443","2014-06-01 06:43:22","6251.92"
"444","1988-11-08 18:16:34","36241.4"
"444","1988-11-09 18:16:34","26270.83"
"444","1991-12-21 17:25:41","20960.43"
"444","2002-10-16 03:45:37","8916.45"
"445","1978-03-26 19:58:33","11472.08"
"445","1978-03-27 19:58:33","10429.34"
"445","1978-05-05 03:00:15","9633.34"
"445","1981-10-24 08:46:50","8521.75"
"445","2003-10-22 10:44:05","1030.35"
"446","1987-08-13 17:07:59","9850.48"
"446","1987-08-14 17:07:59","1077.39"
"447","1986-03-20 08:17:46","38058.88"
"447","1986-03-21 08:17:46","22643.15"
"447","1997-01-14 17:44:51","9641.72"
"448","1990-07-09 05:31:20","16443.23"
"448","1990-07-10 05:31:20","8643.0"
"448","2023-04-21 01:48:24","1341.68"
"449","1972-08-04 14:09:02","45724.2"
"449","1972-08-05 14:09:02","27034.9"
"449","1974-02-11 00:07:55","26922.3"
"449","1976-06-17 06:26:02","16228.34"
"449","1980-05-12 05:42:25","4676.37"
"449","1994-04-23 22:17:46","862.23"
"450","1978-05-25 16:16:01","32362.96"
"450","1978-05-26 16:16:01","19905.08"
"450","2009-11-10 00:56:39","8711.55"
"451","1979-05-05 17:42:00","16943.78"
"451","1979-05-06 17:42:00","12463.38"
"451","2002-05-04 12:08:03","1630.79"
"452","2008-08-12 07:49:01","14094.67"
"452","2008-08-13 07:49:01","8528.35"
"452","2010-06-01 09:43:33","3919.64"
"453","1995-03-08 01:34:01","9844.46"
"454","1990-01-09 22:07:50","30717.06"
"454","1990-01-10 22:07:50","21958.86"
"454","1992-07-06 18:50:24","14826.97"
"454","2000-12-05 23:35:58","12462.55"
"454","2003-07-20 14:22:14","5996.11"
"455","1980-02-21 12:06:50","20339.21"
"455","1980-02-22 12:06:50","14663.32"
"455","1996-03-15 12:27:51","4555.92"
"456","1979-05-28 09:02:13","12732.83"
"456","1979-05-29 09:02:13","8928.89"
"456","1997-10-22 14:12:27","7728.28"
"457","1974-12-06 16:34:12","44413.29"
"457","1974-12-07 16:34:12","30032.29"
"457","1976-10-24 09:49:58","12835.21"
"457","1990-01-20 05:16:58","2650.46"
"457","1998-06-08 21:55:21","572.36"
"458","1974-03-23 10:48:55","17613.41"
"458","1974-03-24 10:48:55","14400.58"
"458","1978-10-04 07:13:43","11642.44"
"458","2012-12-17 01:47:49","6116.44"
"458","2017-12-22 15:12:28","5845.5"
"459","1984-03-25 01:40:22","6434.58"
"459","1984-03-26 01:40:22","3870.48"
"460","1973-08-05 14:13:02","33805.19"
"460","1973-08-06 14:13:02","20189.5"
"460","2016-09-19 03:16:53","2458.45"
"461","1987-10-22 19:32:02","10804.04"
"461","1987-10-23 19:32:02","3717.62"
"461","1999-11-30 08:32:58","2976.56"
"462","1992-05-07 08:31:33","26919.07"
"462","1992-05-08 08:31:33","20882.0"
"462","1993-02-14 01:12:26","10607.47"
"462","2019-12-23 16:24:34","8859.46"
"463","1980-05-08 09:13:14","56647.97"
"463","1980-05-09 09:13:14","45499.72"
"463","1986-01-28 22:50:51","37644.76"
"463","1987-10-06 02:03:45","34784.14"
"463","1989-07-13 09:33:56","24573.97"
"463","2001-04-16 02:46:28","23273.13"
"463","2003-03-28 05:01:52","15583.59"
"463","2004-07-17 18:32:02","9209.73"
"463","2010-01-16 23:10:38","8804.52"
"464","1980-07-28 19:01:22","7037.77"
"465","1983-08-19 06:56:38","29014.48"
"465","1983-08-20 06:56:38","22255.71"
"465","2003-11-26 17:31:03","14563.37"
"465","2010-12-21 10:57:02","3211.26"
"466","1973-01-12 07:22:29","44002.27"
"466","1973-01-13 07:22:29","31373.58"
"466","1987-05-23 04:26:10","22975.6"
"466","1996-03-31 22:45:15","12528.15"
"466","2020-09-25 17:51:46","8749.67"
"467","1970-06-10 01:53:25","12857.0"
"467","1970-06-11 01:53:25","12692.0"
"467","1973-04-23 17:52:05","3695.47"
"468","1978-03-30 09:32:05","46190.08"
"468","1978-03-31 09:32:05","36098.24"
"468","1994-03-14 10:41:32","35586.74"
"468","1995-10-03 15:10:20","14163.53"
"468","2004-07-26 04:31:39","6812.03"
"468","2004-12-12 21:28:21","125.06"
"469","1992-04-23 02:40:40","33855.55"
"469","1992-04-24 02:40:40","16716.49"
"469","2016-09-18 09:41:40","8514.54"
"470","1986-07-29 04:37:55","4453.3"
"471","1981-09-18 10:47:27","42527.64"
"471","1981-09-19 10:47:27","34686.93"
"471","1989-12-03 18:06:45","24842.68"
"471","2002-09-29 15:57:00","24691.9"
"471","2010-02-19 09:42:28","5858.48"
"472","2006-03-27 06:11:41","13466.97"
"472","2006-03-28 06:11:41","6377.4"
"472","2007-04-24 03:03:01","464.21"
"473","1971-05-22 08:02:28","47700.35"
"473","1971-05-23 08:02:28","46350.83"
"473","1974-01-12 23:16:08","31490.5"
"473","2000-03-06 01:09:29","24887.63"
"473","2010-10-05 15:03:41","15239.15"
"473","2011-11-08 12:52:08","7913.67"
"474","1972-10-23 17:00:31","31643.97"
"474","1972-10-24 17:00:31","23794.55"
"474","1988-03-08 08:26:40","22056.49"
"474","1988-05-31 13:01:21","17730.44"
"474","1996-03-06 15:39:24","14878.8"
"474","2012-11-22 10:27:54","3211.55"
"475","1984-03-24 05:14:56","37472.57"
"475","1984-03-25 05:14:56","32258.56"
"475","1992-01-16 16:30:05","21195.94"
"475","2004-09-19 16:50:19","5429.35"
"475","2022-11-13 23:24:38","112.85"
"476","1981-03-21 06:33:57","51990.17"
"476","1981-03-22 06:33:57","40452.86"
"476","1994-08-16 09:14:24","35557.74"
"476","1995-08-08 04:36:46","20864.62"
"476","2016-06-01 04:51:19","5826.65"
"477","2012-08-10 15:21:45","15723.47"
"477","2012-08-11 15:21:45","9390.02"
"478","1974-11-04 05:55:57","5663.28"
"478","1974-11-05 05:55:57","4778.13"
"478","2001-09-15 11:42:45","1722.69"
"479","1986-03-27 00:33:33","25152.51"
"479","1986-03-28 00:33:33","11925.2"
"479","1988-01-14 15:41:47","7053.5"
"480","1989-07-09 05:49:01","23844.25"
"480","1989-07-10 05:49:01","21298.49"
"480","1998-09-12 10:47:57","11251.68"
"480","2003-02-14 06:17:55","10039.89"
"480","2003-06-04 12:53:12","8078.96"
"480","2006-02-03 10:27:20","4500.77"
"481","1977-10-02 00:35:47","13394.04"
"481","1977-10-03 00:35:47","7092.29"
"481","1987-03-31 04:41:46","4651.19"
"482","1974-11-12 14:41:51","11359.42"
"482","1974-11-13 14:41:51","5197.44"
"482","2011-01-16 12:23:20","2890.99"
"483","2021-05-18 19:02:44","8707.86"
"484","1973-01-20 01:16:12","36239.66"
"484","1973-01-21 01:16:12","21443.92"
"484","1995-07-06 07:20:47","16333.48"
"484","1998-09-06 01:20:12","11277.24"
"484","2001-07-04 10:41:48","4924.46"
"485","2013-02-13 10:53:24","36146.04"
"485","2013-02-14 10:53:24","25939.94"
"485","2016-09-15 13:12:41","18032.23"
"485","2017-12-21 17:34:04","4857.16"
"485","2019-12-07 15:46:38","1560.08"
"486","2012-02-07 15:05:35","18883.33"
"486","2012-02-08 15:05:35","10438.44"
"486","2023-09-22 14:08:57","6377.24"
"487","2018-09-16 20:12:31","9813.8"
"487","2018-09-17 20:12:31","222.36"
"488","1973-01-15 09:22:14","21851.74"
"488","1973-01-16 09:22:14","11905.65"
"488","2000-10-05 05:11:23","2054.78"
"489","1970-06-18 17:15:16","42177.38"
"489","1970-06-19 17:15:16","40028.68"
"489","1972-03-03 00:30:13","30107.04"
"489","1993-05-18 13:29:21","17675.62"
"489","1993-06-28 14:26:54","14756.68"
"489","2000-09-27 01:24:34","5337.42"
"490","1974-11-29 05:00:13","30062.44"
"490","1974-11-30 05:00:13","22854.31"
"490","1994-07-02 11:38:52","17784.37"
"490","2000-03-30 21:24:36","13450.68"
"490","2018-10-09 09:49:03","6186.6"
"491","2001-02-25 14:38:22","12986.98"
"491","2001-02-26 14:38:22","8788.52"
"492","1989-10-07 15:57:41","25543.06"
"492","1989-10-08 15:57:41","23911.66"
"492","1998-08-06 19:23:56","16841.59"
"492","2020-10-18 17:36:33","8722.65"
"493","1970-08-30 07:49:43","54378.93"
"493","1970-08-31 07:49:43","52221.78"
"493","1983-03-16 12:00:25","44176.94"
"493","1984-08-08 23:25:49","37692.26"
"493","1989-08-05 07:09:27","35052.04"
"493","1993-09-05 19:33:01","27751.14"
"493","2001-04-03 15:25:35","16615.39"
"493","2009-04-22 14:55:54","3913.33"
"494","1974-03-01 15:49:40","19009.4"
"494","1974-03-02 15:49:40","17347.8"
"494","1975-11-25 09:26:16","14233.55"
"494","2014-04-23 04:44:37","11576.96"
"494","2014-10-09 17:35:39","3741.82"
"495","2002-05-16 07:47:13","4116.62"
"495","2002-05-17 07:47:13","1324.46"
"496","1997-08-19 10:34:18","28373.87"
"496","1997-08-20 10:34:18","14508.58"
"496","2009-03-28 14:07:30","13892.23"
"496","2012-08-17 11:55:51","4001.18"
"497","1982-06-12 03:43:32","14992.09"
"497","1982-06-13 03:43:32","9840.54"
"498","1989-06-07 21:24:36","10040.99"
"498","1989-06-08 21:24:36","7700.19"
"498","2006-09-12 11:38:59","2377.05"
"499","1976-07-21 11:10:55","65436.98"
"499","1976-07-22 11:10:55","54543.8"
"499","1986-03-25 04:55:03","27283.62"
"499","1993-05-03 20:02:44","19293.14"
"499","1993-05-22 22:21:29","10958.01"
"499","2013-11-19 14:35:57","5848.02"
"499","2017-04-18 18:53:46","3960.46"
