"0","185","72","18"
"0","335","177","10"
"0","373","463","13"
"0","28","345","4"
"0","395","155","6"
"1","459","225","5"
"1","90","441","2"
"1","174","349","5"
"1","182","50","11"
"1","124","184","8"
"2","84","427","11"
"3","139","176","10"
"3","313","481","17"
"4","495","442","16"
"4","212","200","7"
"5","490","225","6"
"5","126","243","3"
"6","150","274","19"
"7","245","125","9"
"7","139","176","5"
"7","476","331","3"
"7","273","383","10"
"7","189","28","20"
"8","377","378","16"
"8","394","297","19"
"8","423","1","7"
"9","30","247","6"
"9","259","124","12"
"9","56","237","10"
"9","211","304","11"
"9","215","200","1"
"10","425","483","20"
"10","360","349","18"
"10","280","369","3"
"10","105","122","19"
"10","238","338","13"
"11","391","276","12"
"12","101","77","3"
"12","313","481","12"
"12","235","216","17"
"12","277","378","9"
"13","6","153","19"
"13","134","480","14"
"14","164","4","15"
"15","74","213","8"
"15","207","149","14"
"15","443","60","12"
"15","166","362","12"
"16","225","77","9"
"16","163","245","15"
"17","458","213","1"
"17","197","226","7"
"17","387","247","17"
"17","268","130","16"
"18","81","77","6"
"18","480","463","11"
"18","435","483","16"
"18","44","199","3"
"18","132","213","6"
"19","463","161","20"
"20","29","369","11"
"20","28","345","9"
"20","159","492","8"
"20","473","427","19"
"21","374","387","12"
"21","285","387","18"
"22","276","226","5"
"23","330","143","15"
"23","220","412","13"
"23","332","364","12"
"23","127","17","11"
"23","301","283","18"
"24","118","425","3"
"24","456","358","17"
"25","47","17","7"
"25","184","17","16"
"25","279","198","8"
"25","470","134","8"
"26","465","127","13"
"26","356","161","16"
"27","390","168","1"
"28","441","454","10"
"28","88","196","18"
"28","84","427","6"
"28","216","153","1"
"28","78","198","2"
"29","354","161","4"
"30","361","159","9"
"30","181","143","11"
"30","259","124","19"
"31","159","492","19"
"32","117","276","15"
"32","276","226","8"
"32","31","371","14"
"32","343","482","2"
"33","242","410","7"
"34","221","492","5"
"34","41","454","15"
"34","459","225","15"
"34","357","345","14"
"35","486","0","12"
"35","277","378","18"
"35","79","262","20"
"35","182","50","10"
"35","460","252","15"
"36","447","231","19"
"36","140","435","10"
"37","128","141","16"
"38","252","311","18"
"38","51","447","7"
"39","251","331","4"
"40","495","442","10"
"40","290","304","3"
"40","101","77","12"
"40","52","127","18"
"41","83","72","19"
"42","367","475","16"
"43","56","237","20"
"44","296","412","11"
"44","255","200","18"
"44","33","243","16"
"44","115","127","20"
"44","176","168","19"
"45","279","198","3"
"45","463","161","5"
"45","486","0","4"
"45","414","329","10"
"45","459","225","17"
"46","135","250","7"
"47","221","492","4"
"48","163","245","14"
"49","64","251","11"
"50","76","130","7"
"51","414","329","1"
"51","226","481","18"
"51","204","475","17"
"51","92","28","5"
"51","370","159","11"
"52","251","331","13"
"53","323","198","17"
"53","121","213","3"
"54","180","283","17"
"54","32","125","16"
"55","32","125","5"
"55","420","481","7"
"56","446","383","6"
"56","451","362","20"
"56","118","425","18"
"57","443","60","14"
"57","302","268","18"
"58","265","18","5"
"58","267","183","14"
"58","265","18","4"
"59","454","391","15"
"60","13","72","2"
"60","337","171","18"
"60","231","198","2"
"60","406","127","2"
"61","317","364","14"
"62","138","196","1"
"62","336","48","4"
"62","253","481","9"
"62","324","56","13"
"63","70","141","12"
"64","479","141","10"
"64","73","1","4"
"64","141","440","9"
"64","340","72","14"
"64","315","345","19"
"65","355","421","9"
"65","103","245","2"
"66","416","499","10"
"67","459","225","18"
"67","498","161","11"
"68","18","274","18"
"68","232","123","5"
"69","173","237","5"
"69","95","440","9"
"69","251","331","6"
"69","188","177","16"
"70","67","110","13"
"70","5","17","4"
"70","345","442","19"
"70","291","318","7"
"71","7","326","2"
"71","325","161","4"
"71","129","134","4"
"71","156","269","19"
"71","157","414","13"
"72","4","123","2"
"72","141","440","10"
"72","388","251","19"
"72","80","243","17"
"73","274","1","20"
"73","86","198","15"
"73","91","362","19"
"73","359","421","10"
"74","102","318","3"
"74","178","245","19"
"74","410","245","13"
"74","286","489","9"
"75","120","322","19"
"75","102","318","10"
"75","247","442","17"
"75","158","287","7"
"76","387","247","2"
"76","288","421","7"
"76","317","364","3"
"76","339","317","7"
"77","435","483","9"
"77","381","421","13"
"77","7","326","20"
"78","450","300","6"
"78","98","245","4"
"79","354","161","1"
"79","303","72","5"
"79","260","309","8"
"79","7","326","13"
"79","177","349","15"
"80","347","215","17"
"80","463","161","10"
"81","222","141","13"
"81","364","340","5"
"81","348","414","3"
"81","69","225","14"
"81","202","492","6"
"82","6","153","8"
"82","156","269","8"
"83","109","369","19"
"83","287","1","12"
"83","95","440","7"
"83","127","17","3"
"83","282","225","8"
"84","0","11","1"
"84","138","196","20"
"84","179","143","7"
"85","299","110","13"
"85","481","125","4"
"85","480","463","3"
"86","366","198","3"
"86","287","1","19"
"86","173","237","2"
"87","347","215","8"
"88","87","420","14"
"88","87","420","19"
"88","352","199","18"
"89","36","269","14"
"89","171","110","4"
"90","249","385","12"
"91","235","216","10"
"92","141","440","11"
"92","491","127","6"
"93","49","340","1"
"93","378","387","7"
"93","343","482","16"
"94","316","369","11"
"94","102","318","13"
"94","71","247","10"
"95","3","245","11"
"95","339","317","18"
"96","219","311","10"
"97","473","427","1"
"97","259","124","3"
"98","47","17","15"
"99","480","463","14"
"99","92","28","8"
"100","118","425","7"
"100","465","127","1"
"101","319","483","19"
"101","276","226","11"
"101","491","127","9"
"101","446","383","6"
"102","132","213","1"
"103","218","338","11"
"104","457","447","14"
"105","36","269","11"
"105","383","371","14"
"105","249","385","2"
"105","385","183","12"
"106","304","17","13"
"107","466","237","6"
"107","228","412","4"
"107","397","358","12"
"107","281","231","5"
"107","210","172","19"
"108","373","463","5"
"108","96","492","7"
"108","5","17","14"
"108","250","243","11"
"108","430","130","7"
"109","192","369","10"
"109","136","77","19"
"109","15","260","20"
"110","306","123","11"
"110","499","304","18"
"110","425","483","7"
"110","126","243","14"
"111","335","177","14"
"111","21","122","12"
"111","125","225","6"
"112","119","252","14"
"112","197","226","3"
"112","430","130","20"
"112","38","489","8"
"112","125","225","16"
"113","167","18","8"
"114","229","340","10"
"114","92","28","11"
"114","173","237","12"
"115","236","130","20"
"115","428","427","14"
"115","418","141","1"
"115","174","349","9"
"115","254","83","2"
"116","362","425","13"
"117","138","196","8"
"117","355","421","4"
"117","454","391","18"
"118","46","318","1"
"118","369","35","11"
"119","69","225","20"
"119","333","444","20"
"120","267","183","18"
"121","248","475","3"
"122","284","178","11"
"123","62","127","3"
"123","464","252","6"
"124","111","226","15"
"124","55","127","11"
"124","89","265","12"
"124","494","265","12"
"124","225","77","10"
"125","66","49","6"
"125","413","480","5"
"125","148","260","11"
"125","312","440","6"
"125","103","245","14"
"126","479","141","15"
"126","286","489","1"
"126","217","226","11"
"127","441","454","1"
"127","274","1","16"
"127","47","17","5"
"127","73","1","9"
"127","322","35","7"
"128","35","444","19"
"128","153","322","1"
"128","407","11","2"
"129","155","304","17"
"129","5","17","20"
"129","63","387","17"
"129","235","216","3"
"130","345","442","7"
"130","75","480","3"
"131","350","154","9"
"131","236","130","3"
"131","349","387","8"
"132","283","444","16"
"132","41","454","4"
"132","474","326","1"
"132","423","1","16"
"133","262","124","19"
"133","116","276","15"
"133","266","383","15"
"134","412","300","11"
"134","492","340","8"
"134","364","340","6"
"134","240","269","12"
"135","323","198","15"
"135","461","50","5"
"135","296","412","16"
"136","465","127","18"
"136","348","414","3"
"136","58","326","10"
"137","221","492","18"
"137","183","483","1"
"137","313","481","19"
"138","380","77","19"
"138","486","0","13"
"138","356","161","19"
"139","161","260","13"
"139","423","1","5"
"139","211","304","16"
"139","54","60","12"
"139","169","168","6"
"140","49","340","3"
"141","307","35","16"
"142","314","441","9"
"142","311","444","10"
"142","257","35","13"
"142","144","475","6"
"143","347","215","8"
"143","428","427","9"
"143","391","276","17"
"144","339","317","6"
"145","300","0","8"
"145","367","475","8"
"145","105","122","12"
"145","39","262","20"
"146","79","262","6"
"147","41","454","17"
"147","224","60","3"
"147","453","177","11"
"147","45","265","20"
"148","438","251","13"
"148","375","274","1"
"148","468","435","4"
"148","6","153","18"
"149","9","412","6"
"149","267","183","12"
"149","365","243","20"
"149","367","475","17"
"149","178","245","11"
"150","408","172","3"
"150","71","247","3"
"150","22","198","4"
"150","116","276","10"
"151","285","387","19"
"151","66","49","13"
"151","368","387","10"
"152","319","483","1"
"152","281","231","13"
"152","63","387","12"
"153","300","0","11"
"154","35","444","7"
"154","310","481","5"
"155","296","412","15"
"156","409","383","11"
"157","68","122","16"
"157","413","480","8"
"157","437","420","20"
"157","94","18","18"
"158","421","11","18"
"158","341","60","9"
"159","427","209","18"
"159","105","122","1"
"159","319","483","16"
"160","130","300","19"
"161","309","1","14"
"161","122","483","8"
"161","21","122","10"
"161","44","199","3"
"162","472","362","1"
"163","360","349","9"
"163","315","345","16"
"163","113","216","11"
"163","390","168","3"
"163","200","50","9"
"164","137","60","12"
"165","307","35","10"
"165","385","183","18"
"165","444","482","14"
"165","164","4","3"
"165","497","154","14"
"166","233","213","5"
"167","11","297","15"
"167","43","290","13"
"167","198","427","6"
"168","10","283","8"
"168","42","331","5"
"168","264","171","3"
"168","47","17","1"
"169","366","198","2"
"169","365","243","10"
"170","301","283","14"
"170","49","340","11"
"171","137","60","8"
"171","293","322","3"
"171","258","226","11"
"171","386","83","18"
"172","103","245","12"
"173","497","154","5"
"173","12","200","11"
"173","267","183","17"
"173","361","159","4"
"173","154","127","17"
"174","457","447","5"
"174","43","290","2"
"174","120","322","14"
"175","27","60","5"
"175","315","345","8"
"175","388","251","5"
"176","261","252","19"
"176","43","290","8"
"177","355","421","8"
"177","330","143","4"
"178","471","447","17"
"178","101","77","4"
"178","253","481","7"
"178","383","371","3"
"179","389","412","12"
"179","497","154","12"
"179","439","153","10"
"180","395","155","11"
"180","418","141","5"
"180","117","276","7"
"180","103","245","1"
"181","110","176","14"
"182","291","318","16"
"183","130","300","5"
"183","382","143","15"
"183","80","243","1"
"183","310","481","20"
"184","21","122","13"
"184","68","122","2"
"184","197","226","10"
"184","308","251","2"
"185","38","489","4"
"185","325","161","8"
"185","79","262","18"
"185","187","421","9"
"185","45","265","13"
"186","169","168","20"
"186","488","149","2"
"186","405","274","19"
"186","289","127","9"
"186","40","225","14"
"187","99","140","3"
"187","255","200","13"
"187","442","268","18"
"187","245","125","18"
"188","446","383","8"
"188","458","213","13"
"188","102","318","17"
"188","64","251","5"
"189","471","447","20"
"189","305","304","18"
"190","307","35","19"
"191","397","358","6"
"191","441","454","17"
"192","164","4","4"
"192","343","482","2"
"192","291","318","2"
"193","170","226","15"
"193","325","161","10"
"194","165","159","6"
"194","51","447","15"
"194","440","349","2"
"195","72","331","19"
"195","290","304","1"
"195","469","268","6"
"195","413","480","6"
"195","187","421","8"
"196","18","274","10"
"197","89","265","5"
"197","252","311","8"
"197","374","387","8"
"197","400","56","1"
"198","218","338","9"
"198","3","245","8"
"198","155","304","7"
"198","494","265","6"
"198","167","18","9"
"199","160","420","6"
"199","150","274","10"
"199","65","454","16"
"199","66","49","6"
"200","253","481","19"
"200","9","412","12"
"200","88","196","1"
"200","213","322","3"
"201","186","369","12"
"201","251","331","7"
"201","420","481","5"
"202","320","329","13"
"202","181","143","1"
"202","342","35","5"
"202","199","492","16"
"202","29","369","18"
"203","121","213","19"
"203","312","440","17"
"203","164","4","15"
"203","16","442","12"
"203","45","265","13"
"204","368","387","17"
"205","91","362","14"
"205","181","143","3"
"206","222","141","4"
"206","449","309","4"
"206","228","412","16"
"206","217","226","6"
"207","115","127","6"
"208","481","125","2"
"208","343","482","17"
"208","188","177","13"
"209","492","340","2"
"209","286","489","7"
"209","207","149","6"
"210","271","447","6"
"210","71","247","11"
"210","286","489","13"
"210","309","1","6"
"210","271","447","5"
"211","325","161","14"
"212","441","454","18"
"212","204","475","14"
"212","173","237","8"
"213","19","72","15"
"213","276","226","16"
"213","478","17","7"
"213","332","364","16"
"213","87","420","10"
"214","207","149","11"
"214","267","183","19"
"214","413","480","3"
"215","475","199","15"
"215","314","441","2"
"215","265","18","11"
"216","88","196","1"
"216","76","130","13"
"217","77","300","19"
"217","101","77","11"
"217","409","383","3"
"217","125","225","3"
"217","496","309","6"
"218","196","300","8"
"218","20","172","2"
"218","314","441","9"
"218","151","318","7"
"219","330","143","14"
"219","407","11","18"
"219","68","122","16"
"219","18","274","10"
"220","263","420","2"
"220","133","159","20"
"220","188","177","17"
"220","406","127","9"
"220","397","358","19"
"221","406","127","18"
"221","60","442","1"
"221","459","225","10"
"222","479","141","13"
"222","367","475","2"
"222","197","226","4"
"223","441","454","17"
"223","434","127","8"
"223","456","358","11"
"223","318","309","17"
"223","160","420","13"
"224","293","322","5"
"225","143","200","15"
"225","266","383","20"
"225","322","35","12"
"225","100","481","18"
"225","403","260","1"
"226","93","172","19"
"226","143","200","16"
"226","51","447","8"
"226","195","0","14"
"227","273","383","10"
"227","0","11","9"
"227","5","17","15"
"227","422","463","8"
"227","223","349","16"
"228","368","387","4"
"228","29","369","12"
"228","58","326","16"
"228","359","421","5"
"229","346","18","8"
"229","356","161","11"
"229","359","421","9"
"229","346","18","9"
"230","110","176","15"
"231","442","268","4"
"231","491","127","16"
"231","235","216","5"
"232","409","383","7"
"232","404","482","15"
"233","400","56","12"
"233","77","300","11"
"233","304","17","13"
"233","22","198","14"
"233","156","269","14"
"234","203","250","15"
"234","209","18","16"
"235","145","225","1"
"235","370","159","20"
"236","6","153","15"
"236","231","198","4"
"236","185","72","9"
"236","136","77","13"
"237","433","317","13"
"237","175","440","19"
"237","253","481","14"
"237","143","200","19"
"238","127","17","2"
"238","339","317","1"
"238","348","414","11"
"238","354","161","1"
"239","339","317","19"
"239","385","183","3"
"239","55","127","5"
"239","425","483","10"
"240","293","322","6"
"240","0","11","3"
"241","82","499","15"
"241","313","481","9"
"241","278","480","11"
"241","21","122","20"
"241","305","304","1"
"242","70","141","2"
"242","423","1","4"
"243","99","140","14"
"244","96","492","7"
"244","252","311","12"
"245","436","489","5"
"246","164","4","10"
"246","20","172","12"
"246","43","290","7"
"247","427","209","15"
"247","285","387","16"
"247","410","245","15"
"248","252","311","1"
"248","489","141","6"
"248","112","140","2"
"248","145","225","9"
"248","60","442","2"
"249","330","143","20"
"249","326","441","5"
"250","23","349","16"
"250","104","331","8"
"250","91","362","1"
"250","361","159","12"
"251","287","1","2"
"251","124","184","11"
"252","285","387","4"
"252","462","18","7"
"253","225","77","10"
"253","48","420","10"
"253","495","442","11"
"253","497","154","20"
"254","67","110","11"
"254","269","143","2"
"254","161","260","8"
"254","64","251","7"
"255","92","28","2"
"255","214","4","16"
"255","370","159","9"
"255","441","454","17"
"256","218","338","18"
"257","405","274","14"
"258","254","83","9"
"258","7","326","5"
"258","77","300","5"
"258","409","383","18"
"258","41","454","15"
"259","473","427","2"
"259","312","440","1"
"259","282","225","18"
"259","367","475","3"
"259","159","492","14"
"260","446","383","9"
"261","359","421","17"
"261","331","475","10"
"262","28","345","16"
"263","332","364","15"
"263","89","265","3"
"263","260","309","1"
"263","374","387","12"
"264","178","245","5"
"264","99","140","13"
"264","82","499","7"
"264","145","225","12"
"264","425","483","13"
"265","12","200","20"
"266","274","1","20"
"267","386","83","6"
"267","434","127","18"
"267","86","198","4"
"267","293","322","3"
"268","297","331","15"
"269","386","83","10"
"269","149","125","10"
"270","367","475","10"
"271","402","442","3"
"272","142","252","8"
"272","491","127","12"
"273","83","72","19"
"274","466","237","11"
"274","11","297","7"
"275","255","200","1"
"275","429","480","5"
"275","392","124","4"
"275","283","444","14"
"276","43","290","5"
"276","129","134","15"
"276","31","371","6"
"276","466","237","7"
"277","139","176","7"
"277","208","54","9"
"277","391","276","13"
"277","174","349","10"
"277","426","499","4"
"278","334","247","4"
"278","340","72","5"
"278","59","338","12"
"279","351","441","7"
"279","303","72","20"
"279","404","482","15"
"279","435","483","17"
"279","251","331","13"
"280","166","362","1"
"280","416","499","10"
"280","157","414","12"
"280","278","480","1"
"281","351","441","12"
"281","278","480","19"
"281","476","331","20"
"281","283","444","14"
"281","28","345","1"
"282","348","414","5"
"282","393","383","13"
"282","442","268","19"
"283","187","421","6"
"283","377","378","4"
"283","482","383","5"
"283","158","287","7"
"283","120","322","3"
"284","32","125","19"
"285","432","270","3"
"285","439","153","15"
"286","47","17","3"
"286","237","317","5"
"287","59","338","20"
"287","303","72","5"
"287","338","309","5"
"287","445","463","8"
"287","97","447","1"
"288","85","231","20"
"289","142","252","6"
"289","224","60","3"
"289","156","269","8"
"289","10","283","5"
"289","294","421","18"
"290","114","4","12"
"290","482","383","9"
"291","301","283","20"
"291","45","265","17"
"291","56","237","10"
"291","336","48","11"
"291","139","176","5"
"292","22","198","13"
"292","321","287","5"
"292","370","159","10"
"292","7","326","4"
"292","231","198","13"
"293","52","127","2"
"293","462","18","2"
"293","325","161","16"
"293","404","482","15"
"293","293","322","10"
"294","42","331","1"
"294","158","287","15"
"295","91","362","2"
"295","263","420","1"
"296","448","56","17"
"296","54","60","3"
"297","391","276","12"
"297","435","483","3"
"297","261","252","7"
"298","287","1","5"
"298","225","77","15"
"298","343","482","1"
"299","455","283","17"
"299","324","56","6"
"300","220","412","17"
"300","392","124","13"
"301","165","159","8"
"301","9","412","3"
"302","71","247","4"
"302","10","283","3"
"302","138","196","6"
"302","47","17","13"
"303","363","226","14"
"303","359","421","14"
"303","48","420","4"
"303","193","499","3"
"304","348","414","2"
"305","413","480","16"
"305","226","481","4"
"305","179","143","10"
"305","289","127","18"
"306","430","130","10"
"306","171","110","1"
"307","130","300","7"
"307","457","447","1"
"307","43","290","5"
"308","25","268","7"
"308","94","18","15"
"309","309","1","15"
"309","497","154","15"
"309","34","440","6"
"309","335","177","7"
"310","137","60","12"
"310","302","268","15"
"310","112","140","1"
"310","423","1","14"
"310","72","331","9"
"311","208","54","10"
"311","257","35","15"
"311","343","482","2"
"311","411","153","11"
"311","233","213","5"
"312","5","17","16"
"313","448","56","5"
"313","475","199","7"
"313","121","213","2"
"313","319","483","16"
"314","211","304","11"
"315","0","11","13"
"315","386","83","16"
"316","216","153","12"
"316","273","383","2"
"316","239","420","15"
"316","45","265","19"
"316","281","231","4"
"317","306","123","6"
"317","312","440","19"
"318","424","110","4"
"319","53","340","4"
"319","397","358","16"
"319","487","83","2"
"319","179","143","19"
"319","467","178","13"
"320","109","369","11"
"320","461","50","19"
"321","200","50","1"
"321","248","475","5"
"322","81","77","15"
"322","272","50","4"
"322","232","123","18"
"322","404","482","15"
"323","246","124","4"
"323","393","383","20"
"324","62","127","7"
"324","122","483","12"
"324","413","480","1"
"325","377","378","9"
"325","266","383","11"
"326","347","215","7"
"326","30","247","13"
"326","45","265","1"
"327","344","11","3"
"327","135","250","12"
"327","455","283","4"
"328","496","309","18"
"328","145","225","14"
"328","81","77","8"
"329","264","171","10"
"329","249","385","15"
"330","220","412","9"
"331","166","362","12"
"332","73","1","10"
"332","234","243","17"
"333","373","463","13"
"333","187","421","17"
"333","132","213","10"
"334","128","141","14"
"334","273","383","15"
"334","41","454","13"
"334","397","358","4"
"335","131","268","19"
"335","39","262","20"
"335","464","252","16"
"335","431","159","4"
"336","238","338","19"
"336","4","123","13"
"337","489","141","17"
"337","39","262","5"
"337","269","143","10"
"337","177","349","15"
"337","370","159","9"
"338","107","140","12"
"338","105","122","2"
"338","41","454","20"
"338","339","317","18"
"338","341","60","18"
"339","347","215","7"
"339","85","231","2"
"339","383","371","19"
"339","135","250","9"
"340","387","247","5"
"340","437","420","18"
"340","417","216","13"
"340","218","338","8"
"341","12","200","8"
"341","255","200","12"
"341","246","124","11"
"341","149","125","13"
"342","161","260","16"
"342","12","200","10"
"343","191","483","9"
"343","213","322","3"
"344","458","213","17"
"344","188","177","16"
"344","489","141","18"
"344","309","1","14"
"344","240","269","5"
"345","16","442","7"
"346","372","124","6"
"346","407","11","5"
"346","405","274","5"
"347","361","159","10"
"347","144","475","5"
"347","262","124","4"
"347","65","454","14"
"347","421","11","16"
"348","60","442","6"
"349","57","251","10"
"349","141","440","7"
"350","80","243","12"
"350","471","447","17"
"350","192","369","5"
"350","64","251","6"
"351","88","196","7"
"351","0","11","19"
"351","176","168","15"
"351","88","196","11"
"352","362","425","7"
"352","242","410","11"
"352","38","489","6"
"353","470","134","3"
"353","111","226","13"
"354","57","251","8"
"354","142","252","1"
"354","217","226","19"
"354","452","385","2"
"355","399","435","7"
"356","80","243","20"
"356","63","387","8"
"356","189","28","4"
"357","378","387","5"
"357","491","127","19"
"357","90","441","18"
"358","331","475","7"
"358","385","183","19"
"358","2","311","18"
"358","449","309","13"
"358","168","108","9"
"359","236","130","11"
"359","92","28","20"
"360","130","300","5"
"360","66","49","2"
"360","98","245","5"
"360","41","454","2"
"360","332","364","13"
"361","411","153","16"
"361","440","349","18"
"362","421","11","2"
"363","338","309","8"
"363","427","209","8"
"363","466","237","13"
"363","53","340","12"
"363","177","349","20"
"364","153","322","3"
"365","111","226","1"
"365","455","283","5"
"366","302","268","19"
"366","245","125","8"
"366","234","243","14"
"366","258","226","4"
"366","85","231","18"
"367","121","213","5"
"367","123","216","16"
"367","153","322","16"
"367","113","216","2"
"368","157","414","8"
"368","126","243","18"
"368","122","483","18"
"368","74","213","5"
"369","59","338","4"
"370","444","482","15"
"370","8","215","16"
"371","22","198","14"
"371","92","28","2"
"371","361","159","13"
"372","483","123","19"
"372","192","369","6"
"372","389","412","9"
"372","17","4","18"
"373","42","331","12"
"374","403","260","3"
"374","33","243","18"
"374","268","130","6"
"375","138","196","14"
"375","199","492","18"
"375","493","454","12"
"375","45","265","14"
"376","282","225","4"
"376","66","49","2"
"376","362","425","6"
"377","62","127","6"
"377","12","200","8"
"377","262","124","9"
"377","355","421","5"
"378","145","225","1"
"378","319","483","20"
"378","413","480","12"
"379","57","251","18"
"379","199","492","8"
"380","349","387","15"
"380","335","177","13"
"380","148","260","2"
"380","363","226","4"
"381","86","198","15"
"381","211","304","15"
"381","249","385","17"
"381","402","442","7"
"382","72","331","7"
"382","321","287","14"
"382","362","425","1"
"383","15","260","19"
"383","353","283","17"
"384","401","283","4"
"384","284","178","18"
"384","465","127","5"
"384","294","421","20"
"385","159","492","14"
"385","209","18","19"
"386","393","383","1"
"386","109","369","2"
"386","392","124","16"
"387","357","345","4"
"387","140","435","20"
"387","390","168","11"
"387","206","345","9"
"388","174","349","5"
"388","135","250","10"
"388","59","338","6"
"388","440","349","20"
"389","69","225","13"
"389","172","150","16"
"389","425","483","4"
"390","42","331","15"
"390","255","200","2"
"390","187","421","15"
"390","365","243","4"
"391","395","155","1"
"391","412","300","17"
"392","75","480","6"
"392","350","154","20"
"393","71","247","4"
"393","313","481","2"
"393","189","28","19"
"394","210","172","14"
"394","130","300","15"
"394","221","492","5"
"394","261","252","9"
"394","467","178","12"
"395","59","338","3"
"396","126","243","4"
"397","172","150","18"
"397","17","4","20"
"397","86","198","7"
"397","477","385","9"
"397","403","260","12"
"398","157","414","15"
"398","139","176","6"
"399","467","178","16"
"399","315","345","6"
"399","220","412","14"
"399","60","442","20"
"399","44","199","5"
"400","17","4","16"
"400","68","122","2"
"400","393","383","19"
"401","477","385","2"
"401","27","60","17"
"402","94","18","12"
"402","427","209","2"
"402","432","270","8"
"402","137","60","18"
"403","352","199","8"
"403","452","385","12"
"403","85","231","17"
"403","417","216","15"
"404","373","463","20"
"405","475","199","19"
"405","277","378","19"
"406","190","50","20"
"407","98","245","11"
"407","127","17","11"
"407","11","297","9"
"407","166","362","20"
"407","411","153","14"
"408","296","412","15"
"408","282","225","5"
"408","2","311","5"
"408","82","499","11"
"408","111","226","6"
"409","359","421","5"
"410","358","48","7"
"411","458","213","4"
"411","30","247","14"
"411","97","447","13"
"412","2","311","1"
"412","179","143","9"
"412","223","349","20"
"412","148","260","10"
"412","317","364","18"
"413","328","250","10"
"413","201","48","5"
"413","374","387","17"
"413","342","35","4"
"413","326","441","10"
"414","347","215","8"
"414","319","483","5"
"414","455","283","12"
"415","118","425","18"
"416","460","252","19"
"416","353","283","20"
"416","307","35","14"
"416","421","11","7"
"417","49","340","6"
"417","67","110","18"
"417","240","269","6"
"417","97","447","6"
"418","158","287","8"
"418","329","150","15"
"418","129","134","12"
"419","383","371","1"
"419","125","225","12"
"419","98","245","5"
"419","407","11","7"
"419","96","492","6"
"420","41","454","8"
"420","245","125","7"
"420","233","213","13"
"421","141","440","5"
"421","497","154","5"
"421","160","420","19"
"421","120","322","2"
"421","102","318","17"
"422","339","317","2"
"423","455","283","10"
"423","53","340","15"
"424","155","304","15"
"424","347","215","18"
"424","13","72","12"
"424","435","483","7"
"424","473","427","2"
"425","295","184","12"
"425","432","270","7"
"425","339","317","17"
"425","223","349","9"
"425","166","362","14"
"426","60","442","14"
"426","252","311","15"
"426","261","252","13"
"426","228","412","6"
"426","46","318","1"
"427","341","60","19"
"427","384","237","6"
"428","248","475","16"
"428","492","340","5"
"429","108","435","20"
"429","60","442","14"
"430","131","268","14"
"430","495","442","12"
"430","76","130","16"
"431","195","0","20"
"431","121","213","9"
"431","33","243","7"
"431","285","387","8"
"432","121","213","11"
"432","381","421","4"
"433","179","143","3"
"434","120","322","18"
"434","202","492","14"
"434","178","245","8"
"435","256","199","11"
"435","110","176","18"
"435","39","262","7"
"435","322","35","8"
"436","336","48","16"
"436","37","215","14"
"436","61","329","20"
"437","166","362","15"
"437","259","124","10"
"437","28","345","9"
"438","10","283","13"
"438","27","60","19"
"439","78","198","16"
"439","328","250","12"
"440","342","35","18"
"440","353","283","16"
"440","451","362","1"
"440","209","18","9"
"440","40","225","18"
"441","412","300","9"
"441","11","297","17"
"442","465","127","8"
"442","89","265","8"
"442","91","362","20"
"442","206","345","8"
"443","346","18","3"
"443","93","172","18"
"443","173","237","3"
"443","146","172","12"
"444","238","338","8"
"444","64","251","19"
"444","163","245","8"
"445","199","492","19"
"445","47","17","11"
"445","244","362","10"
"445","43","290","5"
"446","58","326","4"
"446","103","245","12"
"447","498","161","1"
"447","3","245","14"
"447","353","283","18"
"448","150","274","10"
"448","32","125","6"
"448","433","317","3"
"449","63","387","8"
"449","183","483","10"
"449","39","262","16"
"450","409","383","10"
"450","412","300","16"
"450","171","110","12"
"450","83","72","12"
"450","317","364","3"
"451","206","345","1"
"451","128","141","13"
"451","365","243","8"
"451","13","72","20"
"452","386","83","9"
"452","293","322","15"
"452","333","444","2"
"453","317","364","4"
"453","85","231","2"
"453","196","300","8"
"454","339","317","2"
"455","244","362","14"
"455","405","274","16"
"455","132","213","17"
"455","492","340","15"
"456","134","480","19"
"457","199","492","10"
"457","328","250","1"
"457","396","182","10"
"458","310","481","15"
"458","380","77","4"
"458","245","125","5"
"458","252","311","11"
"458","109","369","14"
"459","415","414","20"
"460","101","77","12"
"460","68","122","15"
"461","172","150","2"
"461","219","311","4"
"461","136","77","8"
"461","426","499","5"
"462","104","331","9"
"462","214","4","8"
"463","488","149","18"
"463","313","481","12"
"463","466","237","10"
"464","352","199","17"
"464","69","225","17"
"464","147","11","5"
"465","119","252","18"
"465","241","159","14"
"465","422","463","17"
"465","499","304","3"
"465","268","130","9"
"466","141","440","4"
"466","365","243","6"
"466","251","331","20"
"466","117","276","18"
"467","482","383","3"
"467","119","252","4"
"467","320","329","20"
"467","381","421","16"
"468","384","237","2"
"468","421","11","2"
"468","469","268","2"
"468","497","154","1"
"468","292","283","14"
"469","307","35","6"
"469","427","209","3"
"469","459","225","13"
"470","322","35","13"
"470","325","161","16"
"470","482","383","6"
"471","417","216","5"
"472","229","340","4"
"472","135","250","12"
"472","259","124","6"
"472","373","463","5"
"473","459","225","16"
"473","441","454","17"
"473","46","318","20"
"473","197","226","2"
"473","258","226","2"
"474","85","231","16"
"474","132","213","6"
"475","83","72","15"
"476","149","125","11"
"476","409","383","4"
"476","302","268","16"
"476","236","130","4"
"477","10","283","11"
"477","61","329","2"
"477","135","250","11"
"477","93","172","12"
"478","15","260","6"
"478","347","215","9"
"478","126","243","11"
"478","361","159","12"
"478","109","369","1"
"479","389","412","13"
"480","161","260","1"
"480","355","421","6"
"480","453","177","3"
"480","214","4","10"
"481","39","262","17"
"482","451","362","19"
"482","318","309","8"
"482","493","454","11"
"482","207","149","18"
"482","357","345","11"
"483","452","385","12"
"483","476","331","13"
"483","86","198","16"
"483","135","250","16"
"484","326","441","3"
"484","423","1","5"
"484","147","11","3"
"485","348","414","11"
"486","347","215","1"
"486","78","198","4"
"486","137","60","4"
"487","382","143","11"
"487","178","245","9"
"487","438","251","15"
"487","206","345","2"
"487","434","127","19"
"488","4","123","17"
"488","151","318","14"
"488","96","492","5"
"489","226","481","17"
"489","20","172","8"
"489","306","123","11"
"490","180","283","12"
"490","458","213","20"
"490","12","200","9"
"491","429","480","5"
"491","411","153","15"
"491","194","237","9"
"492","363","226","16"
"493","123","216","2"
"493","279","198","20"
"493","84","427","14"
"493","475","199","3"
"493","253","481","14"
"494","103","245","7"
"494","446","383","2"
"494","499","304","13"
"495","359","421","19"
"495","389","412","7"
"496","374","387","17"
"496","472","362","6"
"496","126","243","8"
"496","382","143","3"
"497","259","124","9"
"497","314","441","2"
"497","199","492","11"
"497","294","421","16"
"497","136","77","4"
"498","474","326","10"
"499","267","183","10"
"499","193","499","19"
"499","390","168","3"
"499","155","304","13"
"500","367","475","15"
"500","453","177","18"
"501","442","268","6"
"501","83","72","3"
"502","451","362","7"
"502","174","349","16"
"503","25","268","4"
"503","1","265","8"
"503","369","35","17"
"504","115","127","12"
"504","476","331","7"
"504","151","318","19"
"504","332","364","1"
"504","193","499","17"
"505","96","492","11"
"506","76","130","15"
"507","96","492","1"
"508","494","265","10"
"509","65","454","11"
"509","9","412","11"
"509","215","200","12"
"509","93","172","5"
"510","172","150","13"
"510","482","383","6"
"510","39","262","8"
"510","474","326","6"
"510","253","481","15"
"511","315","345","17"
"511","222","141","8"
"511","451","362","19"
"512","489","141","20"
"513","481","125","6"
"513","89","265","4"
"513","114","4","18"
"514","116","276","13"
"514","124","184","15"
"514","339","317","12"
"514","437","420","3"
"514","308","251","1"
"515","60","442","6"
"515","133","159","20"
"515","256","199","18"
"515","200","50","2"
"515","16","442","6"
"516","391","276","12"
"516","138","196","16"
"516","445","463","18"
"516","208","54","9"
"517","499","304","12"
"517","297","331","11"
"518","461","50","20"
"519","162","161","15"
"519","233","213","14"
"519","364","340","12"
"520","167","18","6"
"521","367","475","6"
"521","311","444","1"
"521","234","243","11"
"521","36","269","8"
"522","303","72","12"
"522","481","125","19"
"522","94","18","18"
"522","194","237","3"
"522","385","183","1"
"523","14","130","5"
"524","453","177","1"
"524","61","329","13"
"524","149","125","10"
"524","369","35","9"
"525","487","83","4"
"525","73","1","12"
"525","156","269","4"
"525","420","481","18"
"525","32","125","11"
"526","6","153","15"
"526","440","349","18"
"526","380","77","13"
"527","69","225","17"
"527","436","489","19"
"527","48","420","5"
"527","23","349","10"
"528","142","252","11"
"528","454","391","3"
"528","255","200","16"
"529","475","199","10"
"529","37","215","1"
"529","225","77","4"
"529","25","268","17"
"529","86","198","6"
"530","349","387","1"
"530","311","444","10"
"530","190","50","1"
"530","70","141","4"
"531","281","231","6"
"531","176","168","17"
"531","478","17","12"
"531","195","0","15"
"531","371","72","10"
"532","108","435","3"
"532","58","326","16"
"532","124","184","1"
"533","287","1","18"
"533","182","50","4"
"533","10","283","2"
"533","397","358","5"
"533","43","290","13"
"534","188","177","10"
"534","347","215","7"
"534","16","442","5"
"534","438","251","6"
"534","403","260","14"
"535","372","124","4"
"535","368","387","17"
"535","303","72","7"
"535","358","48","15"
"536","464","252","11"
"536","211","304","4"
"537","496","309","17"
"537","173","237","11"
"537","279","198","10"
"537","181","143","4"
"537","61","329","7"
"538","421","11","9"
"539","98","245","2"
"539","358","48","14"
"539","456","358","2"
"540","283","444","15"
"540","446","383","16"
"540","3","245","19"
"540","0","11","4"
"541","16","442","2"
"541","249","385","14"
"541","406","127","6"
"542","37","215","10"
"543","163","245","10"
"544","353","283","7"
"545","453","177","15"
"545","403","260","11"
"545","468","435","12"
"546","80","243","14"
"546","153","322","3"
"546","464","252","5"
"546","126","243","2"
"546","47","17","9"
"547","121","213","16"
"547","458","213","20"
"547","0","11","18"
"547","280","369","5"
"548","132","213","16"
"548","345","442","18"
"549","388","251","20"
"549","455","283","6"
"549","233","213","17"
"549","349","387","3"
"549","452","385","14"
"550","472","362","7"
"551","181","143","9"
"552","66","49","3"
"552","364","340","12"
"552","219","311","5"
"552","128","141","17"
"553","146","172","3"
"554","330","143","10"
"554","92","28","7"
"554","298","269","19"
"554","78","198","15"
"554","448","56","20"
"555","199","492","15"
"555","182","50","14"
"555","313","481","19"
"555","422","463","13"
"556","124","184","6"
"556","295","184","8"
"556","307","35","1"
"556","326","441","19"
"556","50","475","1"
"557","475","199","2"
"557","246","124","6"
"558","444","482","8"
"559","82","499","12"
"559","77","300","15"
"559","241","159","6"
"559","181","143","19"
"559","58","326","8"
"560","222","141","10"
"561","393","383","14"
"561","317","364","17"
"562","289","127","14"
"562","193","499","8"
"562","355","421","16"
"562","456","358","7"
"563","490","225","1"
"563","105","122","3"
"563","134","480","16"
"564","270","77","6"
"564","113","216","8"
"564","482","383","7"
"565","54","60","14"
"565","158","287","9"
"565","165","159","19"
"566","185","72","6"
"566","348","414","11"
"567","82","499","3"
"567","428","427","7"
"567","85","231","5"
"567","347","215","19"
"568","35","444","8"
"568","278","480","7"
"568","130","300","1"
"568","112","140","5"
"568","138","196","2"
"569","226","481","11"
"569","122","483","11"
"569","303","72","18"
"570","180","283","15"
"570","55","127","18"
"570","70","141","2"
"570","49","340","18"
"571","454","391","12"
"572","81","77","14"
"572","292","283","18"
"572","193","499","9"
"572","181","143","6"
"573","499","304","11"
"573","233","213","12"
"573","258","226","20"
"574","159","492","5"
"574","444","482","5"
"574","10","283","8"
"574","404","482","3"
"575","107","140","6"
"575","371","72","9"
"575","126","243","3"
"575","430","130","1"
"576","157","414","9"
"576","176","168","18"
"577","56","237","1"
"578","407","11","18"
"578","358","48","3"
"578","446","383","9"
"579","46","318","3"
"579","429","480","12"
"579","330","143","7"
"580","45","265","5"
"580","122","483","11"
"581","465","127","10"
"581","294","421","6"
"581","425","483","12"
"581","400","56","7"
"581","351","441","13"
"582","85","231","5"
"582","22","198","5"
"582","284","178","7"
"582","446","383","6"
"583","265","18","8"
"583","480","463","10"
"583","127","17","9"
"583","466","237","20"
"583","484","444","4"
"584","124","184","19"
"584","282","225","5"
"584","428","427","7"
"584","351","441","5"
"584","176","168","11"
"585","435","483","6"
"585","490","225","18"
"585","481","125","4"
"585","492","340","9"
"585","350","154","19"
"586","171","110","7"
"586","59","338","18"
"587","356","161","6"
"587","395","155","6"
"587","72","331","2"
"587","38","489","15"
"588","11","297","19"
"589","179","143","4"
"590","310","481","16"
"590","468","435","19"
"590","491","127","9"
"591","357","345","4"
"591","302","268","8"
"591","290","304","14"
"591","95","440","15"
"592","379","196","9"
"592","15","260","9"
"592","41","454","1"
"592","84","427","20"
"593","335","177","12"
"593","374","387","1"
"593","230","304","4"
"594","313","481","3"
"594","199","492","5"
"595","435","483","7"
"596","234","243","17"
"596","308","251","2"
"597","289","127","17"
"597","369","35","14"
"598","360","349","16"
"599","498","161","11"
"599","444","482","11"
"600","275","226","11"
"601","167","18","7"
"601","52","127","17"
"601","64","251","14"
"601","384","237","20"
"601","251","331","7"
"602","422","463","5"
"603","297","331","10"
"603","203","250","5"
"603","246","124","7"
"603","449","309","4"
"603","424","110","16"
"604","459","225","6"
"604","83","72","11"
"605","6","153","14"
"605","311","444","12"
"605","428","427","14"
"606","419","252","19"
"606","288","421","15"
"607","249","385","12"
"607","61","329","3"
"607","228","412","3"
"607","496","309","5"
"607","150","274","9"
"608","28","345","16"
"608","357","345","10"
"608","313","481","13"
"609","366","198","7"
"609","101","77","19"
"610","151","318","4"
"611","473","427","6"
"612","20","172","17"
"612","134","480","19"
"612","9","412","12"
"613","273","383","19"
"614","141","440","15"
"615","251","331","11"
"615","463","161","2"
"615","115","127","2"
"616","303","72","2"
"616","245","125","4"
"616","90","441","5"
"616","76","130","17"
"616","257","35","18"
"617","56","237","3"
"618","185","72","12"
"619","195","0","2"
"619","438","251","1"
"619","348","414","5"
"619","468","435","14"
"620","83","72","12"
"620","74","213","2"
"621","359","421","11"
"621","1","265","5"
"621","163","245","16"
"621","114","4","14"
"621","460","252","16"
"622","397","358","19"
"622","296","412","18"
"623","205","358","2"
"623","141","440","4"
"624","147","11","17"
"625","459","225","10"
"625","447","231","5"
"625","131","268","9"
"625","309","1","11"
"626","313","481","18"
"626","180","283","9"
"626","421","11","19"
"626","307","35","2"
"627","95","440","5"
"627","358","48","20"
"628","231","198","10"
"628","406","127","6"
"628","320","329","11"
"629","495","442","1"
"629","298","269","3"
"629","87","420","10"
"629","60","442","20"
"630","404","482","5"
"630","411","153","16"
"630","357","345","18"
"631","95","440","2"
"631","163","245","8"
"631","49","340","15"
"632","60","442","8"
"632","7","326","2"
"632","39","262","17"
"633","40","225","15"
"633","258","226","2"
"633","31","371","2"
"633","340","72","7"
"634","296","412","14"
"635","327","184","14"
"635","346","18","13"
"635","133","159","20"
"635","452","385","7"
"635","69","225","14"
"636","75","480","5"
"636","126","243","7"
"636","237","317","4"
"636","294","421","17"
"636","2","311","7"
"637","210","172","6"
"637","408","172","13"
"637","177","349","7"
"638","485","322","13"
"639","371","72","4"
"639","251","331","6"
"639","193","499","5"
"640","432","270","2"
"640","392","124","1"
"640","460","252","17"
"641","478","17","10"
"641","371","72","4"
"642","134","480","11"
"643","472","362","12"
"643","308","251","8"
"643","36","269","1"
"643","394","297","15"
"643","55","127","4"
"644","473","427","9"
"645","483","123","15"
"645","102","318","8"
"646","397","358","13"
"646","272","50","11"
"646","72","331","14"
"646","443","60","4"
"646","114","4","18"
"647","121","213","4"
"647","264","171","6"
"647","216","153","8"
"647","182","50","18"
"647","121","213","12"
"648","312","440","6"
"648","273","383","7"
"648","218","338","6"
"648","320","329","5"
"648","375","274","7"
"649","343","482","12"
"649","144","475","1"
"649","11","297","8"
"650","346","18","18"
"651","266","383","14"
"652","464","252","1"
"653","196","300","5"
"653","249","385","8"
"653","51","447","12"
"653","212","200","6"
"653","273","383","8"
"654","357","345","2"
"654","457","447","13"
"654","300","0","10"
"654","75","480","4"
"654","371","72","11"
"655","180","283","20"
"655","339","317","9"
"655","413","480","11"
"656","63","387","11"
"656","492","340","3"
"656","266","383","2"
"656","210","172","11"
"657","307","35","17"
"657","55","127","10"
"657","201","48","5"
"657","231","198","11"
"657","460","252","5"
"658","281","231","5"
"658","318","309","15"
"658","205","358","18"
"659","145","225","12"
"659","420","481","12"
"659","266","383","9"
"660","299","110","7"
"660","202","492","9"
"660","339","317","5"
"660","200","50","11"
"661","173","237","6"
"662","150","274","7"
"662","72","331","7"
"662","436","489","12"
"662","423","1","11"
"663","182","50","10"
"663","408","172","6"
"663","204","475","14"
"663","211","304","16"
"664","229","340","13"
"664","189","28","1"
"664","403","260","9"
"665","184","17","2"
"665","489","141","20"
"665","97","447","6"
"665","428","427","4"
"665","189","28","15"
"666","340","72","7"
"666","315","345","6"
"666","418","141","17"
"666","312","440","20"
"666","29","369","11"
"667","209","18","8"
"667","305","304","2"
"667","401","283","10"
"667","162","161","20"
"667","135","250","2"
"668","79","262","3"
"668","29","369","8"
"668","84","427","2"
"668","383","371","3"
"668","214","4","11"
"669","105","122","19"
"669","456","358","8"
"670","439","153","12"
"670","63","387","18"
"671","396","182","19"
"671","165","159","11"
"672","488","149","18"
"672","226","481","20"
"672","458","213","6"
"672","61","329","20"
"673","216","153","4"
"673","357","345","1"
"674","183","483","17"
"674","122","483","7"
"675","158","287","10"
"675","29","369","17"
"675","42","331","9"
"676","271","447","13"
"676","249","385","11"
"677","172","150","19"
"677","115","127","15"
"678","147","11","8"
"678","453","177","13"
"679","449","309","6"
"679","85","231","11"
"679","198","427","6"
"680","195","0","3"
"680","358","48","6"
"680","312","440","4"
"680","180","283","6"
"681","491","127","1"
"682","43","290","13"
"682","324","56","15"
"682","23","349","4"
"683","442","268","5"
"684","390","168","19"
"684","238","338","17"
"684","427","209","17"
"684","134","480","18"
"684","180","283","19"
"685","310","481","11"
"685","85","231","19"
"685","197","226","1"
"685","13","72","15"
"685","9","412","15"
"686","141","440","12"
"687","396","182","16"
"687","481","125","20"
"688","301","283","20"
"688","166","362","5"
"688","356","161","5"
"689","281","231","16"
"690","114","4","8"
"691","366","198","12"
"692","88","196","4"
"692","357","345","20"
"693","235","216","1"
"693","305","304","10"
"694","69","225","14"
"694","474","326","10"
"695","332","364","16"
"696","403","260","6"
"697","226","481","1"
"697","185","72","7"
"697","165","159","11"
"698","104","331","18"
"699","2","311","5"
"700","327","184","13"
"700","163","245","1"
"700","284","178","3"
"701","213","322","9"
"701","41","454","17"
"701","130","300","3"
"702","325","161","18"
"702","370","159","18"
"703","224","60","5"
"703","133","159","15"
"703","226","481","19"
"703","455","283","4"
"703","97","447","11"
"704","395","155","10"
"704","409","383","8"
"704","492","340","17"
"704","77","300","11"
"705","79","262","8"
"706","223","349","2"
"707","108","435","2"
"707","493","454","19"
"707","446","383","1"
"707","213","322","1"
"707","342","35","18"
"708","137","60","18"
"708","489","141","9"
"708","243","72","17"
"708","49","340","18"
"708","372","124","11"
"709","44","199","1"
"710","365","243","15"
"710","164","4","4"
"710","170","226","1"
"711","321","287","8"
"711","471","447","14"
"711","286","489","15"
"711","54","60","14"
"712","48","420","11"
"712","422","463","8"
"713","427","209","19"
"713","35","444","7"
"713","271","447","1"
"713","281","231","20"
"713","235","216","14"
"714","398","338","9"
"714","413","480","14"
"714","277","378","12"
"714","120","322","15"
"715","239","420","10"
"716","239","420","20"
"716","203","250","11"
"716","10","283","10"
"716","12","200","3"
"717","263","420","1"
"718","497","154","3"
"718","325","161","19"
"718","277","378","12"
"719","54","60","11"
"719","93","172","1"
"719","229","340","5"
"720","64","251","2"
"721","229","340","16"
"721","378","387","16"
"722","88","196","1"
"722","244","362","11"
"723","189","28","6"
"723","114","4","7"
"723","170","226","6"
"723","217","226","19"
"723","419","252","1"
"724","51","447","6"
"724","55","127","7"
"724","416","499","10"
"724","288","421","1"
"725","449","309","2"
"725","170","226","20"
"725","224","60","4"
"726","400","56","2"
"726","123","216","20"
"726","118","425","19"
"726","473","427","8"
"726","296","412","2"
"727","308","251","17"
"727","231","198","8"
"728","65","454","14"
"729","41","454","11"
"729","168","108","12"
"730","98","245","20"
"730","7","326","1"
"731","448","56","15"
"732","316","369","7"
"732","316","369","17"
"732","221","492","14"
"733","105","122","8"
"733","54","60","1"
"733","35","444","19"
"733","353","283","17"
"733","79","262","12"
"734","202","492","10"
"734","75","480","3"
"734","139","176","13"
"735","419","252","2"
"735","47","17","9"
"735","316","369","20"
"735","2","311","17"
"736","207","149","17"
"736","33","243","19"
"737","445","463","11"
"737","147","11","14"
"738","465","127","19"
"738","224","60","18"
"738","353","283","17"
"739","378","387","10"
"739","383","371","13"
"740","173","237","6"
"740","181","143","16"
"740","263","420","20"
"740","394","297","14"
"740","145","225","14"
"741","410","245","14"
"742","329","150","12"
"743","357","345","11"
"743","8","215","13"
"744","389","412","9"
"744","271","447","12"
"745","120","322","18"
"745","168","108","11"
"746","436","489","11"
"746","472","362","3"
"746","321","287","16"
"747","232","123","19"
"747","369","35","12"
"747","347","215","6"
"747","283","444","1"
"747","290","304","9"
"748","52","127","16"
"748","201","48","9"
"748","425","483","2"
"748","269","143","1"
"749","147","11","18"
"750","452","385","1"
"751","207","149","6"
"751","292","283","11"
"751","71","247","12"
"751","246","124","13"
"752","17","4","19"
"752","368","387","19"
"753","166","362","7"
"753","178","245","7"
"753","50","475","8"
"753","65","454","16"
"753","277","378","8"
"754","234","243","3"
"754","248","475","6"
"754","39","262","11"
"754","113","216","14"
"754","48","420","4"
"755","62","127","16"
"755","9","412","7"
"756","284","178","20"
"756","480","463","18"
"757","29","369","5"
"757","249","385","14"
"757","205","358","7"
"757","351","441","11"
"757","333","444","6"
"758","279","198","16"
"758","149","125","11"
"758","366","198","20"
"759","458","213","11"
"759","79","262","5"
"760","45","265","18"
"761","95","440","6"
"761","335","177","20"
"762","146","172","1"
"762","194","237","12"
"762","268","130","13"
"762","301","283","3"
"763","54","60","16"
"764","12","200","8"
"764","97","447","5"
"765","457","447","20"
"766","72","331","14"
"767","43","290","9"
"767","369","35","18"
"767","393","383","20"
"767","460","252","19"
"768","250","243","14"
"768","482","383","18"
"768","226","481","11"
"768","188","177","3"
"768","162","161","12"
"769","278","480","18"
"769","92","28","6"
"769","498","161","5"
"769","441","454","3"
"769","378","387","14"
"770","99","140","3"
"771","231","198","17"
"772","134","480","4"
"772","320","329","16"
"772","191","483","2"
"772","62","127","20"
"772","463","161","17"
"773","457","447","6"
"773","115","127","17"
"773","185","72","13"
"774","315","345","8"
"774","257","35","12"
"774","75","480","6"
"775","61","329","4"
"775","483","123","7"
"776","399","435","6"
"777","55","127","17"
"778","470","134","10"
"778","48","420","16"
"778","131","268","10"
"778","196","300","19"
"778","56","237","8"
"779","430","130","13"
"780","354","161","8"
"780","186","369","6"
"780","259","124","10"
"780","486","0","8"
"781","52","127","4"
"781","6","153","12"
"781","430","130","19"
"781","336","48","20"
"782","15","260","2"
"782","197","226","11"
"782","246","124","1"
"782","485","322","6"
"782","49","340","12"
"783","146","172","7"
"783","131","268","3"
"783","408","172","5"
"783","280","369","13"
"784","421","11","16"
"784","306","123","3"
"784","246","124","11"
"785","227","50","16"
"786","28","345","5"
"786","481","125","11"
"787","125","225","18"
"787","104","331","20"
"787","294","421","5"
"788","245","125","7"
"788","363","226","15"
"788","209","18","1"
"788","225","77","17"
"788","448","56","13"
"789","54","60","16"
"789","164","4","4"
"790","220","412","5"
"790","496","309","19"
"791","282","225","5"
"791","96","492","14"
"791","461","50","3"
"791","211","304","11"
"791","32","125","8"
"792","38","489","11"
"792","444","482","5"
"792","90","441","15"
"792","70","141","13"
"793","428","427","1"
"793","157","414","18"
"794","302","268","7"
"794","16","442","15"
"794","242","410","20"
"795","73","1","8"
"795","16","442","20"
"796","286","489","5"
"796","434","127","4"
"796","100","481","16"
"796","386","83","4"
"796","107","140","15"
"797","81","77","9"
"798","265","18","9"
"799","91","362","10"
"799","191","483","12"
"799","140","435","13"
"800","132","213","10"
"800","47","17","12"
"800","443","60","2"
"800","176","168","16"
"800","370","159","10"
"801","207","149","20"
"802","394","297","11"
"803","304","17","1"
"803","292","283","5"
"803","82","499","10"
"803","51","447","8"
"804","302","268","5"
"804","259","124","17"
"804","158","287","7"
"805","228","412","7"
"805","150","274","8"
"805","254","83","6"
"806","120","322","9"
"806","239","420","1"
"806","482","383","10"
"806","299","110","11"
"807","225","77","8"
"807","67","110","3"
"807","113","216","13"
"807","414","329","13"
"807","404","482","18"
"808","110","176","4"
"808","4","123","15"
"809","423","1","5"
"810","418","141","3"
"810","16","442","5"
"810","214","4","13"
"811","249","385","17"
"812","45","265","3"
"812","415","414","1"
"812","311","444","11"
"812","139","176","19"
"812","35","444","12"
"813","304","17","5"
"813","353","283","14"
"813","395","155","13"
"814","384","237","1"
"815","201","48","3"
"816","412","300","19"
"816","163","245","12"
"816","305","304","3"
"816","368","387","20"
"817","263","420","18"
"817","16","442","3"
"817","37","215","10"
"818","6","153","4"
"818","465","127","19"
"818","216","153","6"
"819","59","338","17"
"819","20","172","9"
"819","414","329","4"
"820","162","161","1"
"821","166","362","6"
"821","411","153","6"
"821","81","77","9"
"821","454","391","9"
"822","193","499","13"
"822","465","127","10"
"823","256","199","14"
"823","418","141","17"
"823","338","309","13"
"823","364","340","5"
"824","298","269","10"
"824","56","237","14"
"824","354","161","10"
"824","99","140","6"
"824","201","48","10"
"825","65","454","5"
"826","49","340","16"
"827","330","143","19"
"827","334","247","3"
"827","354","161","1"
"827","473","427","1"
"827","480","463","1"
"828","300","0","8"
"828","209","18","15"
"828","407","11","15"
"828","122","483","16"
"829","169","168","20"
"829","143","200","20"
"829","48","420","16"
"829","440","349","15"
"830","203","250","16"
"830","138","196","20"
"830","431","159","20"
"830","270","77","12"
"830","368","387","12"
"831","445","463","17"
"831","470","134","14"
"831","37","215","2"
"832","457","447","19"
"832","346","18","13"
"833","382","143","15"
"833","220","412","13"
"833","145","225","6"
"833","250","243","20"
"834","436","489","9"
"834","185","72","20"
"834","308","251","7"
"835","275","226","9"
"835","2","311","3"
"835","218","338","11"
"835","206","345","9"
"835","451","362","14"
"836","470","134","9"
"837","286","489","7"
"837","244","362","17"
"837","161","260","1"
"838","141","440","10"
"838","152","492","5"
"838","331","475","1"
"839","188","177","17"
"839","326","441","10"
"839","50","475","2"
"839","165","159","16"
"840","4","123","11"
"841","490","225","6"
"842","401","283","6"
"843","209","18","17"
"843","118","425","9"
"843","232","123","10"
"843","41","454","8"
"844","98","245","11"
"844","241","159","10"
"844","100","481","5"
"844","302","268","8"
"845","265","18","10"
"845","176","168","16"
"846","314","441","13"
"847","295","184","6"
"848","291","318","8"
"848","210","172","14"
"848","74","213","5"
"848","421","11","18"
"849","218","338","12"
"849","309","1","14"
"850","345","442","3"
"850","95","440","3"
"850","74","213","18"
"850","295","184","17"
"850","299","110","16"
"851","436","489","1"
"851","161","260","5"
"851","101","77","3"
"851","467","178","19"
"852","150","274","16"
"853","55","127","17"
"853","434","127","10"
"853","491","127","2"
"853","426","499","10"
"853","329","150","2"
"854","314","441","11"
"855","262","124","5"
"855","188","177","10"
"856","10","283","17"
"856","123","216","8"
"856","338","309","18"
"856","335","177","7"
"857","247","442","5"
"858","377","378","15"
"858","462","18","10"
"858","314","441","1"
"858","326","441","3"
"859","499","304","20"
"860","98","245","13"
"860","28","345","11"
"861","109","369","5"
"861","27","60","6"
"861","132","213","1"
"862","81","77","13"
"862","127","17","14"
"862","443","60","17"
"862","130","300","14"
"863","254","83","19"
"863","173","237","18"
"863","100","481","6"
"864","54","60","6"
"864","111","226","16"
"864","421","11","1"
"865","264","171","11"
"865","138","196","12"
"865","371","72","17"
"866","392","124","15"
"867","123","216","17"
"868","268","130","4"
"868","260","309","16"
"868","142","252","12"
"869","358","48","9"
"869","390","168","4"
"870","383","371","3"
"870","474","326","14"
"871","469","268","18"
"872","426","499","7"
"873","96","492","1"
"873","291","318","4"
"873","153","322","4"
"873","416","499","3"
"873","236","130","18"
"874","145","225","2"
"874","210","172","6"
"874","137","60","10"
"874","272","50","11"
"874","361","159","7"
"875","289","127","7"
"875","471","447","18"
"876","11","297","6"
"876","329","150","11"
"876","334","247","3"
"876","34","440","20"
"876","246","124","1"
"877","30","247","6"
"877","195","0","2"
"877","104","331","16"
"877","328","250","7"
"878","98","245","7"
"878","391","276","18"
"878","329","150","17"
"878","120","322","16"
"878","195","0","17"
"879","72","331","15"
"879","358","48","14"
"879","245","125","3"
"879","258","226","10"
"880","67","110","15"
"881","117","276","5"
"882","160","420","10"
"882","234","243","17"
"882","217","226","12"
"882","118","425","14"
"883","383","371","7"
"884","232","123","3"
"885","51","447","9"
"885","105","122","16"
"885","131","268","11"
"886","363","226","8"
"886","236","130","12"
"886","8","215","15"
"886","70","141","17"
"887","477","385","4"
"887","479","141","18"
"887","275","226","3"
"888","288","421","5"
"888","176","168","17"
"889","450","300","18"
"889","358","48","7"
"889","96","492","3"
"889","189","28","7"
"889","421","11","13"
"890","145","225","4"
"890","336","48","19"
"891","128","141","5"
"891","205","358","11"
"892","406","127","18"
"892","176","168","15"
"892","400","56","1"
"893","474","326","6"
"893","429","480","8"
"893","221","492","8"
"893","166","362","18"
"894","148","260","20"
"894","75","480","2"
"894","276","226","16"
"895","410","245","17"
"895","298","269","4"
"895","457","447","3"
"896","284","178","19"
"897","140","435","10"
"897","128","141","18"
"898","198","427","13"
"898","127","17","6"
"898","266","383","5"
"898","405","274","4"
"898","200","50","15"
"899","210","172","2"
"899","101","77","9"
"899","391","276","5"
"899","491","127","16"
"900","273","383","6"
"901","196","300","7"
"901","423","1","18"
"901","31","371","17"
"902","244","362","5"
"902","355","421","17"
"902","457","447","2"
"902","325","161","2"
"902","20","172","11"
"903","378","387","6"
"903","284","178","1"
"903","203","250","17"
"903","23","349","5"
"904","107","140","4"
"904","208","54","7"
"904","342","35","13"
"905","137","60","1"
"905","164","4","14"
"905","170","226","20"
"905","29","369","12"
"906","485","322","12"
"906","180","283","18"
"906","67","110","2"
"907","269","143","6"
"908","95","440","12"
"909","176","168","15"
"910","101","77","15"
"910","360","349","20"
"910","153","322","11"
"911","468","435","11"
"911","177","349","8"
"911","476","331","12"
"912","170","226","5"
"912","192","369","13"
"913","478","17","11"
"913","247","442","12"
"913","375","274","19"
"914","205","358","13"
"915","91","362","16"
"915","493","454","8"
"915","311","444","16"
"915","300","0","19"
"916","334","247","13"
"917","180","283","18"
"917","173","237","15"
"917","359","421","4"
"918","249","385","5"
"918","398","338","13"
"918","172","150","20"
"918","90","441","6"
"919","174","349","19"
"920","320","329","11"
"920","43","290","7"
"920","61","329","11"
"921","373","463","14"
"921","45","265","14"
"921","107","140","12"
"921","214","4","3"
"921","151","318","10"
"922","235","216","5"
"923","5","17","17"
"924","342","35","15"
"924","398","338","2"
"924","140","435","18"
"924","267","183","10"
"924","214","4","12"
"925","88","196","19"
"925","141","440","11"
"925","241","159","1"
"925","49","340","11"
"925","144","475","13"
"926","283","444","13"
"926","414","329","2"
"926","213","322","14"
"926","358","48","20"
"926","405","274","18"
"927","49","340","2"
"927","263","420","20"
"927","58","326","8"
"927","290","304","10"
"927","474","326","1"
"928","409","383","9"
"928","389","412","18"
"928","142","252","17"
"928","262","124","9"
"928","341","60","18"
"929","253","481","6"
"930","340","72","1"
"930","335","177","20"
"931","55","127","4"
"931","466","237","19"
"931","333","444","3"
"931","307","35","19"
"932","9","412","15"
"933","256","199","1"
"933","420","481","5"
"933","194","237","18"
"933","160","420","8"
"934","391","276","7"
"934","466","237","11"
"934","225","77","10"
"934","186","369","20"
"935","49","340","5"
"935","80","243","11"
"936","107","140","7"
"936","82","499","13"
"936","389","412","6"
"936","259","124","19"
"936","440","349","13"
"937","477","385","13"
"938","110","176","15"
"938","455","283","7"
"938","134","480","18"
"939","132","213","7"
"939","469","268","3"
"939","89","265","20"
"940","417","216","2"
"940","221","492","14"
"941","359","421","8"
"941","377","378","17"
"941","414","329","11"
"942","47","17","11"
"942","324","56","16"
"942","263","420","12"
"943","90","441","14"
"943","418","141","17"
"944","34","440","8"
"945","223","349","3"
"945","282","225","2"
"945","190","50","17"
"946","429","480","17"
"946","220","412","14"
"946","389","412","13"
"946","288","421","4"
"946","296","412","15"
"947","475","199","14"
"947","378","387","18"
"947","485","322","7"
"947","123","216","17"
"947","187","421","13"
"948","281","231","8"
"948","54","60","14"
"948","489","141","3"
"949","407","11","18"
"949","46","318","1"
"949","383","371","6"
"949","88","196","19"
"950","487","83","4"
"950","209","18","7"
"950","299","110","6"
"950","85","231","1"
"951","489","141","8"
"951","42","331","20"
"951","36","269","14"
"952","99","140","20"
"952","25","268","15"
"952","379","196","17"
"953","214","4","20"
"953","164","4","8"
"953","497","154","2"
"953","3","245","18"
"953","88","196","9"
"954","460","252","8"
"955","363","226","5"
"955","394","297","18"
"955","374","387","18"
"955","189","28","6"
"955","460","252","19"
"956","415","414","19"
"956","234","243","17"
"957","397","358","17"
"958","395","155","3"
"958","200","50","18"
"959","239","420","10"
"960","422","463","8"
"960","184","17","6"
"961","365","243","14"
"961","259","124","8"
"961","167","18","8"
"961","298","269","3"
"962","129","134","7"
"962","309","1","15"
"962","122","483","3"
"962","492","340","7"
"962","303","72","13"
"963","74","213","7"
"964","306","123","15"
"964","261","252","4"
"965","221","492","18"
"965","194","237","18"
"965","174","349","16"
"965","25","268","1"
"965","146","172","8"
"966","377","378","9"
"966","203","250","1"
"966","353","283","7"
"966","396","182","19"
"967","248","475","17"
"967","460","252","4"
"967","190","50","6"
"967","147","11","14"
"968","216","153","17"
"969","181","143","19"
"969","292","283","12"
"970","57","251","1"
"970","476","331","17"
"971","391","276","7"
"971","16","442","10"
"971","434","127","15"
"971","11","297","16"
"971","202","492","7"
"972","330","143","16"
"972","254","83","11"
"972","445","463","4"
"972","389","412","13"
"973","198","427","12"
"973","157","414","16"
"974","465","127","5"
"974","354","161","10"
"975","69","225","13"
"975","393","383","9"
"976","123","216","17"
"976","131","268","6"
"976","158","287","15"
"976","393","383","4"
"977","54","60","1"
"977","460","252","18"
"978","444","482","12"
"978","451","362","10"
"979","498","161","5"
"979","164","4","9"
"980","139","176","14"
"980","395","155","13"
"981","401","283","7"
"981","273","383","11"
"981","198","427","15"
"982","373","463","7"
"982","441","454","17"
"982","28","345","4"
"983","386","83","3"
"983","408","172","15"
"983","65","454","15"
"983","471","447","2"
"984","417","216","19"
"984","243","72","8"
"984","136","77","18"
"984","161","260","9"
"985","43","290","15"
"985","366","198","14"
"985","370","159","19"
"986","399","435","9"
"986","362","425","20"
"987","132","213","10"
"988","226","481","20"
"988","316","369","2"
"988","202","492","7"
"989","188","177","6"
"989","78","198","19"
"989","110","176","6"
"989","82","499","4"
"989","202","492","20"
"990","99","140","6"
"990","389","412","13"
"990","472","362","10"
"990","173","237","20"
"990","158","287","4"
"991","252","311","20"
"991","36","269","8"
"992","416","499","18"
"992","186","369","19"
"992","87","420","1"
"992","483","123","15"
"992","492","340","2"
"993","104","331","1"
"993","221","492","14"
"993","437","420","13"
"993","170","226","5"
"994","369","35","12"
"994","103","245","18"
"994","109","369","5"
"995","254","83","18"
"995","39","262","3"
"995","431","159","15"
"995","380","77","19"
"995","435","483","11"
"996","354","161","20"
"997","140","435","9"
"997","142","252","11"
"997","282","225","15"
"997","46","318","2"
"998","450","300","4"
"998","257","35","16"
"998","3","245","10"
"999","57","251","16"
"999","169","168","6"
"1000","81","77","20"
"1000","273","383","3"
"1000","331","475","6"
"1001","246","124","9"
"1001","483","123","11"
"1001","485","322","9"
"1002","471","447","15"
"1002","384","237","2"
"1003","450","300","13"
"1003","90","441","12"
"1003","438","251","12"
"1003","88","196","11"
"1004","277","378","2"
"1005","307","35","16"
"1005","141","440","13"
"1006","272","50","6"
"1007","442","268","20"
"1007","231","198","18"
"1008","238","338","2"
"1009","263","420","20"
"1009","461","50","10"
"1009","58","326","14"
"1009","338","309","12"
"1010","406","127","7"
"1010","26","123","4"
"1010","436","489","16"
"1010","467","178","11"
"1011","92","28","10"
"1012","326","441","12"
"1012","341","60","1"
"1013","24","225","9"
"1013","287","1","10"
"1013","462","18","8"
"1013","226","481","5"
"1014","413","480","18"
"1014","83","72","15"
"1014","364","340","2"
"1014","481","125","10"
"1015","241","159","18"
"1016","188","177","7"
"1016","124","184","16"
"1016","56","237","17"
"1017","307","35","10"
"1017","321","287","15"
"1018","389","412","16"
"1018","180","283","12"
"1018","65","454","14"
"1018","273","383","20"
"1018","344","11","4"
"1019","128","141","18"
"1019","239","420","4"
"1019","494","265","16"
"1019","405","274","3"
"1019","44","199","10"
"1020","107","140","11"
"1020","480","463","17"
"1020","189","28","12"
"1020","224","60","1"
"1021","453","177","12"
"1021","228","412","19"
"1021","43","290","19"
"1021","39","262","13"
"1021","211","304","18"
"1022","499","304","12"
"1022","167","18","16"
"1022","481","125","4"
"1023","381","421","15"
"1023","198","427","15"
"1023","362","425","9"
"1024","462","18","4"
"1024","359","421","8"
"1024","452","385","20"
"1024","126","243","4"
"1024","466","237","3"
"1025","110","176","7"
"1025","303","72","6"
"1025","127","17","6"
"1025","401","283","6"
"1025","62","127","16"
"1026","165","159","19"
"1027","323","198","17"
"1027","453","177","3"
"1027","49","340","13"
"1027","299","110","9"
"1027","85","231","10"
"1028","334","247","16"
"1028","119","252","9"
"1029","410","245","17"
"1030","52","127","11"
"1030","455","283","3"
"1031","262","124","3"
"1031","287","1","18"
"1031","262","124","13"
"1031","124","184","12"
"1031","62","127","13"
"1032","177","349","8"
"1032","217","226","1"
"1032","361","159","12"
"1032","262","124","9"
"1032","289","127","8"
"1033","447","231","19"
"1033","421","11","10"
"1034","244","362","12"
"1034","31","371","7"
"1034","17","4","6"
"1034","470","134","10"
"1034","491","127","18"
"1035","401","283","11"
"1036","72","331","19"
"1036","255","200","14"
"1036","316","369","12"
"1036","250","243","14"
"1036","264","171","2"
"1037","84","427","1"
"1037","133","159","5"
"1037","383","371","2"
"1038","333","444","7"
"1038","463","161","2"
"1038","184","17","1"
"1038","457","447","19"
"1038","12","200","9"
"1039","472","362","4"
"1039","138","196","1"
"1039","176","168","13"
"1040","72","331","9"
"1040","389","412","16"
"1040","87","420","13"
"1040","183","483","15"
"1040","296","412","9"
"1041","193","499","9"
"1041","139","176","17"
"1041","374","387","18"
"1041","486","0","20"
"1041","222","141","17"
"1042","442","268","14"
"1042","462","18","12"
"1042","158","287","2"
"1042","107","140","5"
"1042","7","326","11"
"1043","479","141","8"
"1044","357","345","2"
"1045","133","159","6"
"1046","496","309","9"
"1047","120","322","3"
"1047","465","127","5"
"1048","102","318","20"
"1049","443","60","7"
"1050","391","276","11"
"1050","477","385","14"
"1050","57","251","14"
"1050","444","482","6"
"1051","156","269","4"
"1051","157","414","2"
"1051","327","184","3"
"1051","306","123","19"
"1052","345","442","11"
"1052","130","300","9"
"1052","483","123","11"
"1053","378","387","2"
"1053","448","56","18"
"1054","431","159","10"
"1054","268","130","1"
"1054","223","349","9"
"1054","266","383","17"
"1055","142","252","14"
"1055","55","127","20"
"1056","353","283","20"
"1056","102","318","10"
"1056","128","141","16"
"1056","411","153","18"
"1056","1","265","2"
"1057","226","481","1"
"1058","487","83","6"
"1058","277","378","14"
"1059","245","125","7"
"1059","236","130","4"
"1060","210","172","15"
"1060","40","225","8"
"1060","30","247","15"
"1060","23","349","3"
"1060","50","475","4"
"1061","271","447","10"
"1061","238","338","16"
"1062","331","475","17"
"1062","354","161","16"
"1062","469","268","7"
"1062","124","184","13"
"1063","388","251","3"
"1063","293","322","8"
"1064","364","340","12"
"1064","148","260","17"
"1064","48","420","6"
"1064","433","317","5"
"1065","477","385","20"
"1065","125","225","20"
"1065","112","140","12"
"1065","283","444","4"
"1066","162","161","20"
"1066","442","268","19"
"1066","309","1","10"
"1067","374","387","6"
"1067","258","226","5"
"1067","297","331","6"
"1067","191","483","9"
"1067","464","252","9"
"1068","349","387","15"
"1068","265","18","17"
"1068","83","72","5"
"1068","227","50","13"
"1068","379","196","18"
"1069","209","18","7"
"1069","443","60","6"
"1069","446","383","13"
"1069","328","250","1"
"1069","259","124","9"
"1070","190","50","3"
"1070","433","317","12"
"1070","30","247","1"
"1070","380","77","1"
"1070","45","265","15"
"1071","380","77","9"
"1071","65","454","15"
"1071","324","56","14"
"1072","344","11","3"
"1072","336","48","11"
"1072","421","11","12"
"1072","471","447","1"
"1072","364","340","13"
"1073","326","441","13"
"1073","163","245","8"
"1073","357","345","13"
"1073","2","311","17"
"1074","289","127","20"
"1075","442","268","10"
"1075","391","276","11"
"1075","132","213","8"
"1075","423","1","6"
"1075","442","268","15"
"1076","90","441","15"
"1076","109","369","11"
"1076","334","247","14"
"1077","397","358","2"
"1078","240","269","2"
"1079","284","178","4"
"1079","389","412","13"
"1079","480","463","16"
"1080","116","276","6"
"1080","277","378","2"
"1080","164","4","15"
"1080","65","454","14"
"1080","79","262","14"
"1081","403","260","11"
"1081","97","447","7"
"1081","11","297","17"
"1081","86","198","20"
"1082","172","150","6"
"1082","296","412","17"
"1082","280","369","19"
"1082","64","251","14"
"1083","342","35","9"
"1083","68","122","4"
"1084","263","420","10"
"1084","351","441","3"
"1084","324","56","1"
"1084","171","110","1"
"1085","116","276","12"
"1085","373","463","8"
"1086","117","276","16"
"1086","468","435","5"
"1086","312","440","12"
"1086","415","414","7"
"1086","286","489","8"
"1087","233","213","5"
"1087","239","420","7"
"1087","169","168","15"
"1088","128","141","14"
"1088","130","300","17"
"1088","320","329","2"
"1089","27","60","18"
"1089","457","447","16"
"1089","333","444","9"
"1089","207","149","4"
"1090","271","447","14"
"1091","355","421","8"
"1091","388","251","1"
"1091","44","199","1"
"1091","404","482","3"
"1092","309","1","5"
"1092","214","4","8"
"1092","303","72","9"
"1093","125","225","17"
"1093","79","262","3"
"1093","199","492","17"
"1094","262","124","20"
"1094","226","481","2"
"1095","331","475","14"
"1096","476","331","10"
"1096","397","358","12"
"1096","412","300","14"
"1096","116","276","3"
"1096","334","247","4"
"1097","12","200","15"
"1098","53","340","17"
"1098","107","140","1"
"1098","262","124","9"
"1098","151","318","7"
"1099","74","213","2"
"1099","467","178","13"
"1099","62","127","1"
"1099","67","110","9"
"1100","361","159","8"
"1101","160","420","20"
"1101","149","125","16"
"1102","43","290","19"
"1102","35","444","16"
"1102","120","322","5"
"1102","265","18","19"
"1102","170","226","17"
"1103","266","383","5"
"1103","144","475","17"
"1103","381","421","17"
"1104","294","421","17"
"1104","391","276","5"
"1104","233","213","2"
"1104","252","311","19"
"1104","402","442","3"
"1105","267","183","5"
"1105","99","140","8"
"1106","321","287","8"
"1107","220","412","12"
"1108","13","72","10"
"1108","226","481","18"
"1109","202","492","7"
"1109","404","482","14"
"1109","326","441","15"
"1109","319","483","13"
"1109","139","176","10"
"1110","351","441","15"
"1111","87","420","5"
"1111","122","483","15"
"1112","55","127","15"
"1112","184","17","14"
"1112","353","283","7"
"1112","113","216","1"
"1112","411","153","15"
"1113","371","72","6"
"1113","114","4","5"
"1113","420","481","6"
"1113","399","435","7"
"1114","498","161","1"
"1114","148","260","7"
"1114","481","125","11"
"1114","73","1","4"
"1115","390","168","16"
"1115","408","172","7"
"1116","204","475","1"
"1116","92","28","6"
"1116","320","329","14"
"1116","297","331","10"
"1116","297","331","15"
"1117","143","200","4"
"1117","253","481","5"
"1117","499","304","11"
"1118","154","127","2"
"1118","35","444","11"
"1118","141","440","19"
"1118","69","225","15"
"1118","112","140","1"
"1119","166","362","4"
"1119","452","385","11"
"1119","10","283","13"
"1120","176","168","9"
"1120","164","4","5"
"1120","483","123","19"
"1120","326","441","10"
"1120","328","250","7"
"1121","135","250","11"
"1121","366","198","9"
"1121","204","475","1"
"1121","38","489","2"
"1121","144","475","11"
"1122","395","155","15"
"1122","398","338","14"
"1122","438","251","10"
"1122","151","318","19"
"1122","495","442","13"
"1123","138","196","6"
"1123","198","427","3"
"1124","261","252","10"
"1125","392","124","12"
"1125","348","414","17"
"1125","133","159","12"
"1125","337","171","9"
"1126","285","387","4"
"1126","348","414","13"
"1126","67","110","5"
"1127","124","184","10"
"1127","478","17","8"
"1128","464","252","13"
"1128","235","216","5"
"1128","389","412","17"
"1129","395","155","17"
"1130","79","262","5"
"1130","69","225","11"
"1130","85","231","9"
"1130","374","387","12"
"1131","378","387","8"
"1131","233","213","8"
"1131","270","77","11"
"1131","325","161","3"
"1132","72","331","12"
"1133","326","441","2"
"1133","406","127","10"
"1133","282","225","17"
"1133","129","134","13"
"1133","250","243","9"
"1134","137","60","13"
"1134","162","161","10"
"1134","440","349","9"
"1134","158","287","9"
"1134","322","35","2"
"1135","402","442","12"
"1135","395","155","20"
"1135","369","35","4"
"1136","451","362","6"
"1137","13","72","13"
"1137","268","130","16"
"1137","305","304","12"
"1137","67","110","5"
"1138","20","172","1"
"1138","259","124","19"
"1138","423","1","5"
"1139","230","304","18"
"1139","106","56","6"
"1139","104","331","10"
"1140","362","425","2"
"1140","89","265","3"
"1140","282","225","14"
"1140","290","304","17"
"1141","293","322","12"
"1141","248","475","13"
"1141","95","440","14"
"1142","278","480","20"
"1142","341","60","20"
"1142","225","77","11"
"1142","405","274","17"
"1142","144","475","20"
"1143","413","480","2"
"1143","101","77","4"
"1143","477","385","3"
"1143","366","198","4"
"1143","225","77","6"
"1144","195","0","2"
"1144","223","349","14"
"1144","220","412","12"
"1144","478","17","15"
"1144","361","159","14"
"1145","116","276","10"
"1145","470","134","10"
"1145","482","383","14"
"1145","459","225","13"
"1146","228","412","2"
"1146","160","420","7"
"1146","496","309","20"
"1147","126","243","1"
"1147","201","48","20"
"1147","238","338","1"
"1147","209","18","12"
"1147","202","492","11"
"1148","181","143","3"
"1148","467","178","3"
"1149","281","231","8"
"1149","205","358","2"
"1149","257","35","15"
"1149","233","213","7"
"1150","485","322","13"
"1150","424","110","13"
"1150","348","414","20"
"1151","463","161","2"
"1151","7","326","12"
"1151","279","198","14"
"1151","423","1","13"
"1151","472","362","14"
"1152","164","4","18"
"1153","164","4","11"
"1153","340","72","17"
"1153","282","225","4"
"1154","482","383","11"
"1154","255","200","7"
"1154","324","56","15"
"1154","110","176","9"
"1154","309","1","5"
"1155","10","283","17"
"1155","281","231","20"
"1156","82","499","18"
"1156","387","247","5"
"1156","386","83","1"
"1156","87","420","18"
"1157","53","340","3"
"1158","181","143","8"
"1159","309","1","11"
"1159","451","362","17"
"1159","112","140","17"
"1159","447","231","9"
"1159","106","56","14"
"1160","82","499","11"
"1161","390","168","5"
"1162","433","317","19"
"1162","83","72","2"
"1162","110","176","11"
"1162","219","311","2"
"1163","323","198","20"
"1163","51","447","11"
"1163","248","475","13"
"1163","277","378","12"
"1164","51","447","15"
"1165","35","444","19"
"1165","307","35","12"
"1166","481","125","17"
"1166","313","481","15"
"1166","47","17","1"
"1166","241","159","19"
"1166","110","176","17"
"1167","34","440","1"
"1167","215","200","10"
"1167","311","444","15"
"1167","82","499","4"
"1168","230","304","13"
"1168","30","247","9"
"1168","148","260","15"
"1168","245","125","17"
"1168","361","159","16"
"1169","429","480","7"
"1169","315","345","16"
"1170","134","480","9"
"1170","20","172","11"
"1170","429","480","5"
"1171","459","225","17"
"1172","480","463","3"
"1172","62","127","6"
"1172","369","35","14"
"1173","130","300","2"
"1173","379","196","10"
"1174","193","499","12"
"1174","154","127","2"
"1174","232","123","10"
"1174","289","127","10"
"1175","7","326","19"
"1175","472","362","16"
"1175","142","252","3"
"1176","240","269","16"
"1177","247","442","15"
"1177","326","441","12"
"1177","441","454","6"
"1177","445","463","1"
"1178","401","283","19"
"1178","323","198","6"
"1179","12","200","8"
"1179","379","196","18"
"1180","196","300","5"
"1180","319","483","18"
"1181","406","127","2"
"1181","180","283","17"
"1182","68","122","6"
"1182","367","475","19"
"1182","482","383","10"
"1183","97","447","13"
"1184","254","83","9"
"1184","298","269","8"
"1184","312","440","17"
"1184","54","60","16"
"1185","233","213","18"
"1185","82","499","4"
"1185","97","447","18"
"1185","429","480","2"
"1185","372","124","2"
"1186","235","216","19"
"1186","150","274","17"
"1186","102","318","13"
"1186","30","247","14"
"1187","424","110","7"
"1187","343","482","20"
"1187","472","362","18"
"1187","332","364","15"
"1187","209","18","5"
"1188","291","318","17"
"1188","120","322","10"
"1188","320","329","18"
"1188","475","199","13"
"1189","30","247","8"
"1189","272","50","8"
"1189","310","481","1"
"1190","447","231","6"
"1190","329","150","6"
"1191","145","225","1"
"1192","176","168","2"
"1192","296","412","19"
"1192","73","1","9"
"1193","127","17","4"
"1193","214","4","1"
"1193","408","172","12"
"1193","321","287","3"
"1193","340","72","3"
"1194","401","283","20"
"1194","271","447","12"
"1194","202","492","15"
"1195","475","199","14"
"1195","140","435","12"
"1195","312","440","9"
"1195","80","243","9"
"1196","335","177","3"
"1196","229","340","13"
"1196","377","378","11"
"1196","416","499","14"
"1197","252","311","8"
"1197","72","331","4"
"1197","211","304","18"
"1198","141","440","18"
"1198","233","213","19"
"1199","402","442","7"
"1199","490","225","7"
"1199","200","50","8"
"1200","185","72","8"
"1200","169","168","7"
"1200","95","440","5"
"1200","323","198","8"
"1201","459","225","12"
"1201","178","245","10"
"1201","101","77","6"
"1201","273","383","3"
"1201","312","440","5"
"1202","128","141","11"
"1202","171","110","20"
"1203","326","441","3"
"1203","71","247","2"
"1203","244","362","1"
"1203","300","0","13"
"1203","457","447","9"
"1204","267","183","7"
"1204","173","237","2"
"1204","467","178","19"
"1204","38","489","10"
"1204","296","412","10"
"1205","53","340","2"
"1205","33","243","18"
"1205","448","56","16"
"1205","299","110","17"
"1205","241","159","18"
"1206","202","492","13"
"1207","218","338","13"
"1207","403","260","13"
"1208","303","72","3"
"1208","347","215","12"
"1208","405","274","8"
"1208","274","1","3"
"1209","131","268","10"
"1209","145","225","19"
"1209","62","127","11"
"1209","387","247","18"
"1210","7","326","6"
"1211","25","268","13"
"1212","440","349","18"
"1213","107","140","16"
"1214","151","318","10"
"1215","460","252","20"
"1215","245","125","2"
"1215","180","283","9"
"1215","284","178","16"
"1216","77","300","9"
"1216","459","225","19"
"1216","425","483","1"
"1217","458","213","6"
"1218","160","420","8"
"1218","388","251","15"
"1218","456","358","4"
"1219","414","329","7"
"1219","455","283","9"
"1220","463","161","1"
"1220","62","127","19"
"1220","277","378","1"
"1220","285","387","13"
"1220","31","371","11"
"1221","82","499","9"
"1221","438","251","2"
"1221","71","247","3"
"1221","158","287","14"
"1222","429","480","16"
"1222","48","420","4"
"1222","370","159","6"
"1222","403","260","17"
"1223","97","447","20"
"1223","351","441","6"
"1223","14","130","4"
"1223","145","225","1"
"1223","448","56","15"
"1224","273","383","16"
"1224","128","141","7"
"1224","117","276","19"
"1224","410","245","12"
"1224","442","268","16"
"1225","119","252","17"
"1225","375","274","17"
"1225","333","444","8"
"1226","215","200","1"
"1226","273","383","14"
"1226","12","200","18"
"1226","489","141","6"
"1226","208","54","4"
"1227","275","226","18"
"1227","144","475","10"
"1227","428","427","14"
"1227","62","127","4"
"1227","21","122","6"
"1228","485","322","9"
"1229","72","331","8"
"1229","259","124","4"
"1230","465","127","8"
"1230","149","125","7"
"1230","334","247","2"
"1231","495","442","10"
"1231","165","159","9"
"1231","69","225","8"
"1231","410","245","7"
"1232","262","124","6"
"1232","340","72","10"
"1233","153","322","2"
"1233","272","50","15"
"1233","40","225","13"
"1234","19","72","5"
"1234","363","226","16"
"1234","240","269","3"
"1234","82","499","16"
"1235","8","215","12"
"1236","74","213","3"
"1237","215","200","6"
"1237","238","338","2"
"1238","84","427","6"
"1238","72","331","1"
"1238","478","17","14"
"1238","18","274","1"
"1239","245","125","17"
"1240","171","110","9"
"1241","225","77","15"
"1241","133","159","16"
"1241","96","492","11"
"1242","101","77","3"
"1242","75","480","15"
"1243","257","35","15"
"1244","453","177","4"
"1244","480","463","15"
"1245","258","226","11"
"1245","209","18","4"
"1246","444","482","8"
"1247","206","345","5"
"1247","30","247","8"
"1247","400","56","12"
"1248","80","243","7"
"1249","429","480","2"
"1249","392","124","10"
"1250","320","329","6"
"1250","87","420","18"
"1250","56","237","15"
"1250","127","17","9"
"1250","98","245","6"
"1251","422","463","19"
"1251","193","499","13"
"1252","104","331","9"
"1252","465","127","10"
"1252","205","358","16"
"1252","110","176","4"
"1253","325","161","8"
"1254","48","420","15"
"1255","484","444","18"
"1255","110","176","16"
"1255","19","72","9"
"1255","327","184","3"
"1256","491","127","14"
"1256","478","17","19"
"1256","48","420","10"
"1256","428","427","6"
"1257","236","130","3"
"1257","418","141","7"
"1257","318","309","4"
"1257","215","200","2"
"1258","0","11","15"
"1258","419","252","19"
"1258","330","143","12"
"1259","416","499","3"
"1259","413","480","14"
"1260","428","427","11"
"1260","373","463","9"
"1260","489","141","14"
"1260","377","378","20"
"1261","42","331","5"
"1261","7","326","15"
"1261","479","141","1"
"1262","456","358","13"
"1263","443","60","3"
"1263","179","143","16"
"1263","117","276","8"
"1263","296","412","18"
"1263","390","168","8"
"1264","354","161","2"
"1264","381","421","17"
"1264","108","435","4"
"1264","280","369","2"
"1265","46","318","15"
"1265","338","309","5"
"1265","135","250","15"
"1265","386","83","17"
"1266","17","4","12"
"1266","482","383","8"
"1266","441","454","7"
"1267","261","252","12"
"1267","63","387","16"
"1267","21","122","18"
"1267","44","199","1"
"1268","347","215","5"
"1268","359","421","11"
"1268","274","1","9"
"1268","349","387","11"
"1268","216","153","10"
"1269","305","304","2"
"1269","4","123","13"
"1269","437","420","17"
"1270","146","172","11"
"1270","100","481","9"
"1270","480","463","7"
"1270","183","483","13"
"1271","149","125","9"
"1271","18","274","14"
"1272","134","480","5"
"1273","20","172","20"
"1274","46","318","7"
"1274","498","161","14"
"1274","445","463","12"
"1275","40","225","18"
"1275","478","17","19"
"1275","94","18","19"
"1275","322","35","11"
"1276","357","345","6"
"1276","186","369","18"
"1276","76","130","12"
"1276","241","159","10"
"1276","307","35","10"
"1277","24","225","9"
"1278","457","447","8"
"1278","154","127","20"
"1279","204","475","14"
"1279","450","300","15"
"1279","61","329","15"
"1279","384","237","1"
"1279","76","130","17"
"1280","350","154","18"
"1280","115","127","16"
"1281","351","441","18"
"1281","248","475","19"
"1281","347","215","13"
"1281","343","482","16"
"1282","66","49","16"
"1282","51","447","13"
"1282","99","140","18"
"1282","416","499","1"
"1282","231","198","19"
"1283","318","309","1"
"1284","441","454","3"
"1285","100","481","20"
"1285","23","349","8"
"1285","96","492","12"
"1285","491","127","6"
"1285","12","200","19"
"1286","51","447","11"
"1286","327","184","10"
"1287","20","172","4"
"1287","281","231","3"
"1287","249","385","6"
"1287","320","329","8"
"1287","29","369","3"
"1288","171","110","18"
"1288","442","268","19"
"1289","61","329","17"
"1289","178","245","11"
"1289","250","243","1"
"1289","338","309","12"
"1290","268","130","9"
"1290","437","420","11"
"1290","81","77","19"
"1290","403","260","7"
"1290","411","153","9"
"1291","252","311","16"
"1291","317","364","14"
"1291","348","414","16"
"1291","378","387","17"
"1292","112","140","14"
"1292","455","283","1"
"1292","319","483","19"
"1292","214","4","6"
"1293","47","17","11"
"1293","271","447","4"
"1293","86","198","3"
"1294","424","110","18"
"1294","477","385","14"
"1294","295","184","16"
"1294","105","122","7"
"1294","5","17","16"
"1295","313","481","10"
"1295","248","475","16"
"1295","430","130","18"
"1295","497","154","12"
"1295","286","489","13"
"1296","161","260","17"
"1297","453","177","5"
"1297","161","260","11"
"1297","405","274","14"
"1297","114","4","12"
"1298","280","369","6"
"1299","395","155","2"
"1299","101","77","14"
"1299","29","369","19"
"1300","359","421","12"
"1300","400","56","16"
"1300","425","483","18"
"1301","173","237","8"
"1301","277","378","7"
"1301","286","489","14"
"1301","424","110","8"
"1302","41","454","1"
"1302","20","172","7"
"1302","281","231","1"
"1302","1","265","10"
"1303","118","425","17"
"1303","408","172","9"
"1304","16","442","12"
"1304","494","265","13"
"1304","439","153","8"
"1305","231","198","14"
"1305","393","383","9"
"1306","398","338","12"
"1306","95","440","12"
"1306","142","252","4"
"1306","175","440","12"
"1306","58","326","17"
"1307","392","124","13"
"1307","176","168","5"
"1307","419","252","8"
"1307","123","216","2"
"1308","324","56","16"
"1309","81","77","7"
"1309","191","483","1"
"1309","314","441","8"
"1309","275","226","12"
"1309","249","385","11"
"1310","27","60","10"
"1310","304","17","18"
"1311","285","387","18"
"1311","434","127","2"
"1311","20","172","7"
"1311","482","383","6"
"1312","281","231","20"
"1313","167","18","11"
"1313","420","481","5"
"1313","201","48","9"
"1313","258","226","3"
"1314","112","140","8"
"1314","178","245","16"
"1314","457","447","14"
"1314","110","176","19"
"1315","262","124","7"
"1315","389","412","10"
"1315","82","499","19"
"1315","229","340","3"
"1315","353","283","18"
"1316","129","134","3"
"1316","419","252","1"
"1316","41","454","8"
"1317","237","317","16"
"1317","347","215","11"
"1317","357","345","7"
"1318","241","159","13"
"1318","225","77","16"
"1318","157","414","12"
"1319","136","77","3"
"1319","237","317","3"
"1319","284","178","14"
"1320","489","141","13"
"1320","451","362","7"
"1320","301","283","19"
"1320","258","226","5"
"1321","448","56","10"
"1321","94","18","19"
"1321","240","269","15"
"1321","295","184","15"
"1321","20","172","7"
"1322","286","489","18"
"1323","481","125","10"
"1324","383","371","5"
"1324","299","110","9"
"1325","474","326","15"
"1325","217","226","14"
"1325","14","130","16"
"1325","347","215","4"
"1326","159","492","16"
"1326","224","60","1"
"1326","389","412","12"
"1327","485","322","4"
"1327","460","252","17"
"1327","207","149","8"
"1328","422","463","4"
"1329","367","475","3"
"1329","486","0","5"
"1330","62","127","13"
"1330","4","123","19"
"1330","86","198","6"
"1331","155","304","20"
"1331","66","49","17"
"1331","468","435","2"
"1331","106","56","8"
"1332","405","274","4"
"1332","229","340","1"
"1332","220","412","1"
"1332","368","387","11"
"1332","88","196","13"
"1333","197","226","9"
"1333","37","215","5"
"1333","217","226","2"
"1333","452","385","7"
"1333","377","378","5"
"1334","346","18","1"
"1335","58","326","3"
"1335","204","475","6"
"1336","389","412","14"
"1336","144","475","17"
"1336","396","182","7"
"1336","34","440","6"
"1337","438","251","14"
"1337","183","483","12"
"1337","293","322","11"
"1337","482","383","16"
"1337","398","338","14"
"1338","212","200","18"
"1338","262","124","18"
"1339","458","213","9"
"1339","145","225","10"
"1339","33","243","7"
"1339","227","50","17"
"1340","108","435","9"
"1340","443","60","10"
"1340","453","177","14"
"1340","87","420","15"
"1340","213","322","19"
"1341","286","489","19"
"1341","345","442","14"
"1341","392","124","14"
"1341","213","322","18"
"1342","158","287","3"
"1342","246","124","17"
"1342","371","72","20"
"1342","60","442","10"
"1343","155","304","12"
"1343","321","287","2"
"1343","390","168","2"
"1343","145","225","19"
"1344","276","226","1"
"1344","162","161","4"
"1344","460","252","6"
"1344","192","369","3"
"1344","208","54","17"
"1345","247","442","12"
"1346","150","274","12"
"1346","196","300","7"
"1347","45","265","5"
"1347","461","50","13"
"1347","338","309","20"
"1347","441","454","19"
"1347","216","153","10"
"1348","219","311","12"
"1349","258","226","8"
"1350","120","322","11"
"1350","87","420","14"
"1350","285","387","9"
"1350","74","213","7"
"1350","451","362","10"
"1351","166","362","18"
"1351","263","420","4"
"1351","345","442","9"
"1351","125","225","5"
"1352","182","50","19"
"1353","123","216","4"
"1353","92","28","6"
"1353","238","338","19"
"1354","75","480","4"
"1354","350","154","14"
"1354","381","421","5"
"1354","474","326","16"
"1355","204","475","17"
"1355","160","420","7"
"1355","497","154","17"
"1355","483","123","16"
"1356","429","480","7"
"1356","177","349","7"
"1356","29","369","8"
"1356","195","0","20"
"1356","323","198","20"
"1357","86","198","14"
"1357","204","475","2"
"1357","85","231","20"
"1357","318","309","1"
"1357","462","18","10"
"1358","177","349","12"
"1358","430","130","15"
"1358","468","435","13"
"1358","329","150","15"
"1359","90","441","15"
"1360","363","226","7"
"1360","477","385","16"
"1361","74","213","8"
"1362","341","60","2"
"1362","29","369","11"
"1362","470","134","3"
"1362","263","420","7"
"1363","124","184","17"
"1363","463","161","19"
"1363","176","168","2"
"1364","109","369","8"
"1365","89","265","15"
"1366","12","200","7"
"1366","50","475","10"
"1366","206","345","12"
"1366","60","442","14"
"1367","335","177","13"
"1367","143","200","8"
"1368","363","226","8"
"1368","23","349","13"
"1368","410","245","19"
"1368","218","338","9"
"1369","76","130","8"
"1370","127","17","19"
"1370","292","283","3"
"1371","272","50","3"
"1372","495","442","4"
"1372","369","35","7"
"1372","55","127","12"
"1373","101","77","2"
"1373","180","283","17"
"1373","307","35","2"
"1373","362","425","20"
"1373","318","309","15"
"1374","238","338","10"
"1374","410","245","18"
"1375","333","444","13"
"1375","452","385","19"
"1375","295","184","19"
"1375","301","283","14"
"1376","418","141","12"
"1376","328","250","17"
"1376","383","371","20"
"1376","36","269","12"
"1376","188","177","5"
"1377","64","251","7"
"1377","115","127","20"
"1377","360","349","14"
"1377","280","369","12"
"1377","18","274","9"
"1378","146","172","19"
"1378","278","480","5"
"1378","95","440","9"
"1378","181","143","15"
"1379","340","72","18"
"1379","284","178","20"
"1379","253","481","7"
"1380","223","349","16"
"1380","421","11","1"
"1380","289","127","2"
"1381","484","444","15"
"1381","313","481","8"
"1381","376","364","1"
"1381","211","304","11"
"1382","464","252","16"
"1383","189","28","15"
"1384","119","252","11"
"1385","375","274","19"
"1385","400","56","2"
"1385","406","127","9"
"1385","293","322","8"
"1386","243","72","15"
"1386","383","371","19"
"1386","259","124","2"
"1387","386","83","5"
"1388","263","420","20"
"1389","290","304","19"
"1389","140","435","9"
"1389","138","196","8"
"1389","146","172","8"
"1390","96","492","19"
"1390","430","130","11"
"1391","204","475","19"
"1391","43","290","14"
"1391","197","226","10"
"1391","254","83","8"
"1392","16","442","10"
"1393","405","274","12"
"1394","304","17","2"
"1395","371","72","16"
"1395","0","11","12"
"1396","205","358","1"
"1397","84","427","4"
"1397","411","153","11"
"1398","254","83","5"
"1399","53","340","17"
"1399","169","168","16"
"1399","409","383","20"
"1400","424","110","20"
"1400","366","198","5"
"1400","169","168","15"
"1400","217","226","7"
"1400","66","49","5"
"1401","309","1","14"
"1401","73","1","20"
"1401","164","4","12"
"1401","210","172","8"
"1401","157","414","3"
"1402","68","122","16"
"1402","221","492","19"
"1403","111","226","19"
"1404","142","252","10"
"1404","343","482","12"
"1405","414","329","16"
"1406","442","268","16"
"1407","382","143","14"
"1407","333","444","4"
"1407","192","369","1"
"1408","316","369","1"
"1408","27","60","1"
"1409","38","489","19"
"1409","187","421","14"
"1409","398","338","16"
"1409","354","161","7"
"1409","436","489","14"
"1410","248","475","5"
"1410","410","245","10"
"1410","294","421","9"
"1411","326","441","5"
"1411","252","311","9"
"1411","390","168","15"
"1411","351","441","4"
"1412","465","127","19"
"1412","170","226","19"
"1412","306","123","5"
"1413","96","492","17"
"1413","153","322","10"
"1413","84","427","1"
"1413","8","215","9"
"1413","336","48","18"
"1414","201","48","19"
"1414","448","56","12"
"1415","173","237","13"
"1415","441","454","12"
"1415","475","199","5"
"1416","144","475","12"
"1417","480","463","8"
"1418","355","421","18"
"1418","40","225","9"
"1418","475","199","13"
"1419","304","17","7"
"1419","31","371","12"
"1419","10","283","13"
"1419","147","11","19"
"1419","467","178","13"
"1420","75","480","17"
"1420","189","28","3"
"1421","471","447","8"
"1422","92","28","12"
"1423","165","159","5"
"1423","472","362","10"
"1424","275","226","17"
"1424","224","60","16"
"1424","152","492","17"
"1425","152","492","10"
"1425","192","369","19"
"1425","414","329","3"
"1426","369","35","8"
"1426","417","216","1"
"1426","426","499","8"
"1426","153","322","13"
"1426","442","268","6"
"1427","276","226","16"
"1427","350","154","3"
"1427","471","447","3"
"1428","216","153","2"
"1429","107","140","4"
"1429","107","140","6"
"1429","456","358","4"
"1429","417","216","12"
"1429","29","369","2"
"1430","428","427","8"
"1430","30","247","13"
"1430","348","414","13"
"1430","221","492","3"
"1431","150","274","7"
"1431","268","130","16"
"1432","167","18","11"
"1432","103","245","4"
"1432","8","215","11"
"1432","487","83","16"
"1432","75","480","19"
"1433","344","11","1"
"1433","446","383","11"
"1433","196","300","7"
"1433","424","110","20"
"1433","239","420","5"
"1434","11","297","5"
"1434","100","481","15"
"1434","133","159","8"
"1434","207","149","12"
"1434","87","420","12"
"1435","402","442","12"
"1435","92","28","3"
"1436","137","60","16"
"1436","15","260","12"
"1437","311","444","16"
"1437","93","172","2"
"1438","279","198","5"
"1438","217","226","19"
"1438","329","150","7"
"1438","497","154","15"
"1439","131","268","15"
"1439","147","11","3"
"1439","211","304","12"
"1439","111","226","12"
"1439","123","216","1"
"1440","352","199","4"
"1440","376","364","13"
"1440","412","300","7"
"1440","42","331","6"
"1441","286","489","14"
"1442","343","482","1"
"1443","451","362","5"
"1444","453","177","20"
"1444","446","383","6"
"1444","255","200","1"
"1444","278","480","11"
"1444","273","383","6"
"1445","152","492","7"
"1445","463","161","2"
"1445","92","28","8"
"1445","300","0","1"
"1446","280","369","7"
"1446","71","247","19"
"1446","83","72","15"
"1447","46","318","4"
"1447","119","252","14"
"1447","361","159","6"
"1448","49","340","6"
"1448","165","159","20"
"1448","320","329","3"
"1448","461","50","19"
"1449","129","134","13"
"1450","366","198","5"
"1450","169","168","14"
"1450","24","225","5"
"1451","409","383","4"
"1451","290","304","12"
"1452","199","492","1"
"1452","450","300","4"
"1452","100","481","16"
"1453","287","1","13"
"1453","233","213","10"
"1453","394","297","13"
"1454","175","440","17"
"1454","346","18","4"
"1454","29","369","7"
"1454","269","143","20"
"1455","365","243","11"
"1455","209","18","1"
"1455","289","127","15"
"1455","436","489","6"
"1456","53","340","17"
"1456","264","171","18"
"1457","157","414","8"
"1457","405","274","3"
"1457","389","412","19"
"1457","329","150","8"
"1457","290","304","8"
"1458","89","265","5"
"1458","181","143","6"
"1459","28","345","10"
"1459","189","28","7"
"1459","449","309","14"
"1459","351","441","8"
"1460","353","283","8"
"1460","58","326","10"
"1460","416","499","8"
"1461","260","309","7"
"1461","482","383","12"
"1462","14","130","10"
"1463","219","311","13"
"1463","494","265","11"
"1463","402","442","20"
"1463","264","171","17"
"1464","2","311","7"
"1464","205","358","12"
"1465","304","17","4"
"1465","146","172","15"
"1465","82","499","1"
"1465","260","309","6"
"1466","12","200","20"
"1466","210","172","15"
"1466","363","226","15"
"1467","54","60","9"
"1467","374","387","6"
"1468","496","309","19"
"1468","158","287","18"
"1469","402","442","4"
"1469","33","243","10"
"1469","337","171","15"
"1469","137","60","7"
"1469","429","480","18"
"1470","61","329","19"
"1470","379","196","9"
"1470","211","304","18"
"1470","188","177","13"
"1470","204","475","3"
"1471","234","243","6"
"1471","61","329","4"
"1472","244","362","13"
"1472","93","172","8"
"1472","279","198","2"
"1473","183","483","20"
"1473","217","226","16"
"1473","432","270","5"
"1473","366","198","10"
"1473","234","243","19"
"1474","39","262","8"
"1474","316","369","11"
"1474","109","369","8"
"1474","277","378","20"
"1474","174","349","3"
"1475","245","125","1"
"1475","424","110","2"
"1475","52","127","19"
"1475","313","481","7"
"1476","106","56","16"
"1476","410","245","5"
"1476","456","358","2"
"1476","357","345","3"
"1476","119","252","1"
"1477","471","447","15"
"1477","418","141","6"
"1478","243","72","17"
"1478","183","483","5"
"1478","466","237","3"
"1478","349","387","7"
"1478","206","345","8"
"1479","127","17","13"
"1479","346","18","2"
"1479","211","304","10"
"1479","41","454","14"
"1480","42","331","5"
"1481","321","287","13"
"1481","157","414","14"
"1481","229","340","5"
"1481","220","412","4"
"1482","360","349","17"
"1482","401","283","5"
"1483","322","35","12"
"1483","495","442","4"
"1483","456","358","2"
"1483","450","300","4"
"1483","195","0","16"
"1484","405","274","15"
"1484","242","410","3"
"1484","126","243","7"
"1484","139","176","18"
"1484","215","200","1"
"1485","319","483","9"
"1485","244","362","16"
"1485","283","444","14"
"1485","194","237","7"
"1485","396","182","9"
"1486","337","171","2"
"1486","252","311","13"
"1486","366","198","6"
"1486","347","215","3"
"1487","9","412","20"
"1487","52","127","11"
"1487","58","326","7"
"1487","475","199","15"
"1487","289","127","20"
"1488","420","481","8"
"1488","126","243","4"
"1489","28","345","4"
"1489","47","17","20"
"1489","242","410","2"
"1489","137","60","13"
"1489","175","440","5"
"1490","323","198","7"
"1490","68","122","11"
"1490","236","130","12"
"1490","426","499","18"
"1491","263","420","13"
"1492","168","108","1"
"1492","70","141","14"
"1492","201","48","18"
"1493","157","414","11"
"1493","37","215","7"
"1494","10","283","8"
"1494","168","108","1"
"1494","200","50","19"
"1494","498","161","3"
"1494","212","200","6"
"1495","374","387","5"
"1495","147","11","20"
"1496","294","421","8"
"1496","75","480","10"
"1497","16","442","4"
"1498","150","274","11"
"1498","193","499","12"
"1498","480","463","8"
"1498","377","378","9"
"1499","133","159","9"
